grid_id	hemisphere	x	y	subfield	n_observations	agreement_pct
lh_x0_y0	lh	0	0	presubiculum	269	91.8
lh_x0_y1	lh	0	1	presubiculum	269	94.8
lh_x0_y2	lh	0	2	presubiculum	269	95.2
lh_x0_y3	lh	0	3	presubiculum	269	95.9
lh_x0_y4	lh	0	4	presubiculum	269	95.5
lh_x0_y5	lh	0	5	presubiculum	269	95.2
lh_x0_y6	lh	0	6	presubiculum	269	96.7
lh_x0_y7	lh	0	7	presubiculum	269	96.3
lh_x0_y8	lh	0	8	presubiculum	269	96.7
lh_x0_y9	lh	0	9	presubiculum	269	95.9
lh_x0_y10	lh	0	10	presubiculum	269	94.4
lh_x0_y11	lh	0	11	presubiculum	269	92.9
lh_x0_y12	lh	0	12	presubiculum	269	94.8
lh_x0_y13	lh	0	13	presubiculum	269	95.5
lh_x0_y14	lh	0	14	presubiculum	269	93.3
lh_x0_y15	lh	0	15	presubiculum	269	90.3
lh_x0_y16	lh	0	16	presubiculum	269	89.6
lh_x0_y17	lh	0	17	presubiculum	269	85.9
lh_x0_y18	lh	0	18	presubiculum	269	88.5
lh_x0_y19	lh	0	19	presubiculum	269	94.4
lh_x0_y20	lh	0	20	presubiculum	269	98.5
lh_x1_y0	lh	1	0	presubiculum	274	96.0
lh_x1_y1	lh	1	1	presubiculum	274	98.2
lh_x1_y2	lh	1	2	presubiculum	274	99.3
lh_x1_y3	lh	1	3	presubiculum	274	98.5
lh_x1_y4	lh	1	4	presubiculum	274	97.1
lh_x1_y5	lh	1	5	presubiculum	274	98.5
lh_x1_y6	lh	1	6	presubiculum	274	99.3
lh_x1_y7	lh	1	7	presubiculum	274	99.3
lh_x1_y8	lh	1	8	presubiculum	274	97.8
lh_x1_y9	lh	1	9	presubiculum	274	98.9
lh_x1_y10	lh	1	10	presubiculum	274	97.4
lh_x1_y11	lh	1	11	presubiculum	274	98.5
lh_x1_y12	lh	1	12	presubiculum	274	98.9
lh_x1_y13	lh	1	13	presubiculum	274	98.2
lh_x1_y14	lh	1	14	presubiculum	274	98.5
lh_x1_y15	lh	1	15	presubiculum	274	98.2
lh_x1_y16	lh	1	16	presubiculum	274	98.2
lh_x1_y17	lh	1	17	presubiculum	274	98.5
lh_x1_y18	lh	1	18	presubiculum	274	97.8
lh_x1_y19	lh	1	19	presubiculum	274	100.0
lh_x1_y20	lh	1	20	presubiculum	274	100.0
lh_x2_y0	lh	2	0	presubiculum	274	97.1
lh_x2_y1	lh	2	1	presubiculum	274	99.3
lh_x2_y2	lh	2	2	presubiculum	274	98.9
lh_x2_y3	lh	2	3	presubiculum	274	99.3
lh_x2_y4	lh	2	4	presubiculum	274	99.3
lh_x2_y5	lh	2	5	presubiculum	274	99.6
lh_x2_y6	lh	2	6	presubiculum	274	99.3
lh_x2_y7	lh	2	7	presubiculum	274	99.3
lh_x2_y8	lh	2	8	presubiculum	274	99.3
lh_x2_y9	lh	2	9	presubiculum	274	99.3
lh_x2_y10	lh	2	10	presubiculum	274	99.3
lh_x2_y11	lh	2	11	presubiculum	274	98.9
lh_x2_y12	lh	2	12	presubiculum	274	99.6
lh_x2_y13	lh	2	13	presubiculum	274	98.9
lh_x2_y14	lh	2	14	presubiculum	274	99.3
lh_x2_y15	lh	2	15	presubiculum	274	100.0
lh_x2_y16	lh	2	16	presubiculum	274	100.0
lh_x2_y17	lh	2	17	presubiculum	274	99.6
lh_x2_y18	lh	2	18	presubiculum	274	99.6
lh_x2_y19	lh	2	19	presubiculum	274	100.0
lh_x2_y20	lh	2	20	presubiculum	274	100.0
lh_x3_y0	lh	3	0	presubiculum	274	97.8
lh_x3_y1	lh	3	1	presubiculum	274	98.9
lh_x3_y2	lh	3	2	presubiculum	274	99.3
lh_x3_y3	lh	3	3	presubiculum	274	99.6
lh_x3_y4	lh	3	4	presubiculum	274	99.6
lh_x3_y5	lh	3	5	presubiculum	274	99.6
lh_x3_y6	lh	3	6	presubiculum	274	99.6
lh_x3_y7	lh	3	7	presubiculum	274	99.6
lh_x3_y8	lh	3	8	presubiculum	274	99.6
lh_x3_y9	lh	3	9	presubiculum	274	99.3
lh_x3_y10	lh	3	10	presubiculum	274	99.6
lh_x3_y11	lh	3	11	presubiculum	274	99.6
lh_x3_y12	lh	3	12	presubiculum	274	99.3
lh_x3_y13	lh	3	13	presubiculum	274	99.3
lh_x3_y14	lh	3	14	presubiculum	274	99.6
lh_x3_y15	lh	3	15	presubiculum	274	99.6
lh_x3_y16	lh	3	16	presubiculum	274	100.0
lh_x3_y17	lh	3	17	presubiculum	274	100.0
lh_x3_y18	lh	3	18	presubiculum	274	100.0
lh_x3_y19	lh	3	19	presubiculum	274	100.0
lh_x3_y20	lh	3	20	presubiculum	274	100.0
lh_x4_y0	lh	4	0	presubiculum	274	94.5
lh_x4_y1	lh	4	1	presubiculum	274	97.4
lh_x4_y2	lh	4	2	presubiculum	274	98.2
lh_x4_y3	lh	4	3	presubiculum	274	98.9
lh_x4_y4	lh	4	4	presubiculum	274	99.3
lh_x4_y5	lh	4	5	presubiculum	274	99.6
lh_x4_y6	lh	4	6	presubiculum	274	99.6
lh_x4_y7	lh	4	7	presubiculum	274	99.6
lh_x4_y8	lh	4	8	presubiculum	274	99.6
lh_x4_y9	lh	4	9	presubiculum	274	99.3
lh_x4_y10	lh	4	10	presubiculum	274	99.3
lh_x4_y11	lh	4	11	presubiculum	274	99.6
lh_x4_y12	lh	4	12	presubiculum	274	99.6
lh_x4_y13	lh	4	13	presubiculum	274	99.6
lh_x4_y14	lh	4	14	presubiculum	274	99.6
lh_x4_y15	lh	4	15	presubiculum	274	99.6
lh_x4_y16	lh	4	16	presubiculum	274	99.6
lh_x4_y17	lh	4	17	presubiculum	274	100.0
lh_x4_y18	lh	4	18	presubiculum	274	100.0
lh_x4_y19	lh	4	19	presubiculum	274	99.6
lh_x4_y20	lh	4	20	presubiculum	274	100.0
lh_x5_y0	lh	5	0	presubiculum	274	77.0
lh_x5_y1	lh	5	1	presubiculum	274	87.6
lh_x5_y2	lh	5	2	presubiculum	274	93.4
lh_x5_y3	lh	5	3	presubiculum	274	94.9
lh_x5_y4	lh	5	4	presubiculum	274	98.2
lh_x5_y5	lh	5	5	presubiculum	274	98.5
lh_x5_y6	lh	5	6	presubiculum	274	99.3
lh_x5_y7	lh	5	7	presubiculum	274	99.6
lh_x5_y8	lh	5	8	presubiculum	274	99.3
lh_x5_y9	lh	5	9	presubiculum	274	99.3
lh_x5_y10	lh	5	10	presubiculum	274	99.3
lh_x5_y11	lh	5	11	presubiculum	274	99.6
lh_x5_y12	lh	5	12	presubiculum	274	99.3
lh_x5_y13	lh	5	13	presubiculum	274	99.6
lh_x5_y14	lh	5	14	presubiculum	274	99.6
lh_x5_y15	lh	5	15	presubiculum	274	99.6
lh_x5_y16	lh	5	16	presubiculum	274	99.6
lh_x5_y17	lh	5	17	presubiculum	274	99.3
lh_x5_y18	lh	5	18	presubiculum	274	100.0
lh_x5_y19	lh	5	19	presubiculum	274	100.0
lh_x5_y20	lh	5	20	presubiculum	274	100.0
lh_x6_y1	lh	6	1	presubiculum	274	63.9
lh_x6_y2	lh	6	2	presubiculum	274	71.9
lh_x6_y3	lh	6	3	presubiculum	274	78.1
lh_x6_y4	lh	6	4	presubiculum	274	85.0
lh_x6_y5	lh	6	5	presubiculum	274	89.4
lh_x6_y6	lh	6	6	presubiculum	274	94.2
lh_x6_y7	lh	6	7	presubiculum	274	96.0
lh_x6_y8	lh	6	8	presubiculum	274	96.4
lh_x6_y9	lh	6	9	presubiculum	274	94.9
lh_x6_y10	lh	6	10	presubiculum	274	95.3
lh_x6_y11	lh	6	11	presubiculum	274	94.9
lh_x6_y12	lh	6	12	presubiculum	274	94.5
lh_x6_y13	lh	6	13	presubiculum	274	94.9
lh_x6_y14	lh	6	14	presubiculum	274	96.0
lh_x6_y15	lh	6	15	presubiculum	274	96.4
lh_x6_y16	lh	6	16	presubiculum	274	96.7
lh_x6_y17	lh	6	17	presubiculum	274	97.1
lh_x6_y18	lh	6	18	presubiculum	274	97.4
lh_x6_y19	lh	6	19	presubiculum	274	96.7
lh_x6_y20	lh	6	20	presubiculum	274	97.8
lh_x7_y0	lh	7	0	subiculum	274	73.4
lh_x7_y1	lh	7	1	subiculum	274	62.4
lh_x7_y5	lh	7	5	presubiculum	274	68.6
lh_x7_y6	lh	7	6	presubiculum	274	79.6
lh_x7_y7	lh	7	7	presubiculum	274	82.5
lh_x7_y8	lh	7	8	presubiculum	274	78.8
lh_x7_y9	lh	7	9	presubiculum	274	77.0
lh_x7_y10	lh	7	10	presubiculum	274	79.9
lh_x7_y11	lh	7	11	presubiculum	274	78.5
lh_x7_y12	lh	7	12	presubiculum	274	74.5
lh_x7_y13	lh	7	13	presubiculum	274	77.7
lh_x7_y14	lh	7	14	presubiculum	274	82.8
lh_x7_y15	lh	7	15	presubiculum	274	83.6
lh_x7_y16	lh	7	16	presubiculum	274	80.3
lh_x7_y17	lh	7	17	presubiculum	274	82.1
lh_x7_y18	lh	7	18	presubiculum	274	80.7
lh_x7_y19	lh	7	19	presubiculum	274	82.5
lh_x7_y20	lh	7	20	presubiculum	274	85.8
lh_x8_y0	lh	8	0	subiculum	274	90.9
lh_x8_y1	lh	8	1	subiculum	274	83.2
lh_x8_y2	lh	8	2	subiculum	274	79.6
lh_x8_y3	lh	8	3	subiculum	274	76.3
lh_x8_y4	lh	8	4	subiculum	274	70.4
lh_x8_y5	lh	8	5	subiculum	274	61.7
lh_x8_y17	lh	8	17	presubiculum	274	60.9
lh_x8_y18	lh	8	18	presubiculum	274	60.9
lh_x8_y19	lh	8	19	presubiculum	274	60.9
lh_x8_y20	lh	8	20	presubiculum	274	67.5
lh_x9_y0	lh	9	0	subiculum	274	96.4
lh_x9_y1	lh	9	1	subiculum	274	94.9
lh_x9_y2	lh	9	2	subiculum	274	92.3
lh_x9_y3	lh	9	3	subiculum	274	90.5
lh_x9_y4	lh	9	4	subiculum	274	88.7
lh_x9_y5	lh	9	5	subiculum	274	81.4
lh_x9_y6	lh	9	6	subiculum	274	75.5
lh_x9_y7	lh	9	7	subiculum	274	70.8
lh_x9_y8	lh	9	8	subiculum	274	74.5
lh_x9_y9	lh	9	9	subiculum	274	76.6
lh_x9_y10	lh	9	10	subiculum	274	74.1
lh_x9_y11	lh	9	11	subiculum	274	72.3
lh_x9_y12	lh	9	12	subiculum	274	77.7
lh_x9_y13	lh	9	13	subiculum	274	74.5
lh_x9_y14	lh	9	14	subiculum	274	70.4
lh_x9_y15	lh	9	15	subiculum	274	68.6
lh_x9_y16	lh	9	16	subiculum	274	69.0
lh_x9_y17	lh	9	17	subiculum	274	65.7
lh_x9_y18	lh	9	18	subiculum	274	64.6
lh_x9_y19	lh	9	19	subiculum	274	62.8
lh_x10_y0	lh	10	0	subiculum	274	99.6
lh_x10_y1	lh	10	1	subiculum	274	99.6
lh_x10_y2	lh	10	2	subiculum	274	98.2
lh_x10_y3	lh	10	3	subiculum	274	98.2
lh_x10_y4	lh	10	4	subiculum	274	96.7
lh_x10_y5	lh	10	5	subiculum	274	93.4
lh_x10_y6	lh	10	6	subiculum	274	89.8
lh_x10_y7	lh	10	7	subiculum	274	88.3
lh_x10_y8	lh	10	8	subiculum	274	89.4
lh_x10_y9	lh	10	9	subiculum	274	92.0
lh_x10_y10	lh	10	10	subiculum	274	90.9
lh_x10_y11	lh	10	11	subiculum	274	91.6
lh_x10_y12	lh	10	12	subiculum	274	94.2
lh_x10_y13	lh	10	13	subiculum	274	93.1
lh_x10_y14	lh	10	14	subiculum	274	89.8
lh_x10_y15	lh	10	15	subiculum	274	87.6
lh_x10_y16	lh	10	16	subiculum	274	88.7
lh_x10_y17	lh	10	17	subiculum	274	87.6
lh_x10_y18	lh	10	18	subiculum	274	86.9
lh_x10_y19	lh	10	19	subiculum	274	86.1
lh_x10_y20	lh	10	20	subiculum	274	80.3
lh_x11_y0	lh	11	0	subiculum	274	100.0
lh_x11_y1	lh	11	1	subiculum	274	100.0
lh_x11_y2	lh	11	2	subiculum	274	100.0
lh_x11_y3	lh	11	3	subiculum	274	100.0
lh_x11_y4	lh	11	4	subiculum	274	100.0
lh_x11_y5	lh	11	5	subiculum	274	99.6
lh_x11_y6	lh	11	6	subiculum	274	98.9
lh_x11_y7	lh	11	7	subiculum	274	98.9
lh_x11_y8	lh	11	8	subiculum	274	98.9
lh_x11_y9	lh	11	9	subiculum	274	99.3
lh_x11_y10	lh	11	10	subiculum	274	98.2
lh_x11_y11	lh	11	11	subiculum	274	97.8
lh_x11_y12	lh	11	12	subiculum	274	98.9
lh_x11_y13	lh	11	13	subiculum	274	97.4
lh_x11_y14	lh	11	14	subiculum	274	96.0
lh_x11_y15	lh	11	15	subiculum	274	96.7
lh_x11_y16	lh	11	16	subiculum	274	96.4
lh_x11_y17	lh	11	17	subiculum	274	95.3
lh_x11_y18	lh	11	18	subiculum	274	94.9
lh_x11_y19	lh	11	19	subiculum	274	94.2
lh_x11_y20	lh	11	20	subiculum	274	90.5
lh_x12_y0	lh	12	0	subiculum	274	100.0
lh_x12_y1	lh	12	1	subiculum	274	100.0
lh_x12_y2	lh	12	2	subiculum	274	100.0
lh_x12_y3	lh	12	3	subiculum	274	100.0
lh_x12_y4	lh	12	4	subiculum	274	100.0
lh_x12_y5	lh	12	5	subiculum	274	100.0
lh_x12_y6	lh	12	6	subiculum	274	100.0
lh_x12_y7	lh	12	7	subiculum	274	100.0
lh_x12_y8	lh	12	8	subiculum	274	100.0
lh_x12_y9	lh	12	9	subiculum	274	100.0
lh_x12_y10	lh	12	10	subiculum	274	100.0
lh_x12_y11	lh	12	11	subiculum	274	100.0
lh_x12_y12	lh	12	12	subiculum	274	100.0
lh_x12_y13	lh	12	13	subiculum	274	100.0
lh_x12_y14	lh	12	14	subiculum	274	100.0
lh_x12_y15	lh	12	15	subiculum	274	99.6
lh_x12_y16	lh	12	16	subiculum	274	98.5
lh_x12_y17	lh	12	17	subiculum	274	98.5
lh_x12_y18	lh	12	18	subiculum	274	97.8
lh_x12_y19	lh	12	19	subiculum	274	97.8
lh_x12_y20	lh	12	20	subiculum	274	96.7
lh_x13_y0	lh	13	0	subiculum	274	100.0
lh_x13_y1	lh	13	1	subiculum	274	100.0
lh_x13_y2	lh	13	2	subiculum	274	100.0
lh_x13_y3	lh	13	3	subiculum	274	100.0
lh_x13_y4	lh	13	4	subiculum	274	100.0
lh_x13_y5	lh	13	5	subiculum	274	100.0
lh_x13_y6	lh	13	6	subiculum	274	100.0
lh_x13_y7	lh	13	7	subiculum	274	100.0
lh_x13_y8	lh	13	8	subiculum	274	100.0
lh_x13_y9	lh	13	9	subiculum	274	100.0
lh_x13_y10	lh	13	10	subiculum	274	100.0
lh_x13_y11	lh	13	11	subiculum	274	100.0
lh_x13_y12	lh	13	12	subiculum	274	100.0
lh_x13_y13	lh	13	13	subiculum	274	100.0
lh_x13_y14	lh	13	14	subiculum	274	100.0
lh_x13_y15	lh	13	15	subiculum	274	100.0
lh_x13_y16	lh	13	16	subiculum	274	99.6
lh_x13_y17	lh	13	17	subiculum	274	99.3
lh_x13_y18	lh	13	18	subiculum	274	99.3
lh_x13_y19	lh	13	19	subiculum	274	97.8
lh_x13_y20	lh	13	20	subiculum	274	95.3
lh_x14_y0	lh	14	0	subiculum	274	100.0
lh_x14_y1	lh	14	1	subiculum	274	100.0
lh_x14_y2	lh	14	2	subiculum	274	100.0
lh_x14_y3	lh	14	3	subiculum	274	100.0
lh_x14_y4	lh	14	4	subiculum	274	100.0
lh_x14_y5	lh	14	5	subiculum	274	99.6
lh_x14_y6	lh	14	6	subiculum	274	100.0
lh_x14_y7	lh	14	7	subiculum	274	100.0
lh_x14_y8	lh	14	8	subiculum	274	100.0
lh_x14_y9	lh	14	9	subiculum	274	100.0
lh_x14_y10	lh	14	10	subiculum	274	100.0
lh_x14_y11	lh	14	11	subiculum	274	100.0
lh_x14_y12	lh	14	12	subiculum	274	100.0
lh_x14_y13	lh	14	13	subiculum	274	100.0
lh_x14_y14	lh	14	14	subiculum	274	100.0
lh_x14_y15	lh	14	15	subiculum	274	99.3
lh_x14_y16	lh	14	16	subiculum	274	99.3
lh_x14_y17	lh	14	17	subiculum	274	98.2
lh_x14_y18	lh	14	18	subiculum	274	97.4
lh_x14_y19	lh	14	19	subiculum	274	95.6
lh_x14_y20	lh	14	20	subiculum	274	92.0
lh_x15_y0	lh	15	0	subiculum	274	100.0
lh_x15_y1	lh	15	1	subiculum	274	100.0
lh_x15_y2	lh	15	2	subiculum	274	100.0
lh_x15_y3	lh	15	3	subiculum	274	100.0
lh_x15_y4	lh	15	4	subiculum	274	100.0
lh_x15_y5	lh	15	5	subiculum	274	100.0
lh_x15_y6	lh	15	6	subiculum	274	100.0
lh_x15_y7	lh	15	7	subiculum	274	100.0
lh_x15_y8	lh	15	8	subiculum	274	100.0
lh_x15_y9	lh	15	9	subiculum	274	100.0
lh_x15_y10	lh	15	10	subiculum	274	100.0
lh_x15_y11	lh	15	11	subiculum	274	100.0
lh_x15_y12	lh	15	12	subiculum	274	99.3
lh_x15_y13	lh	15	13	subiculum	274	100.0
lh_x15_y14	lh	15	14	subiculum	274	99.3
lh_x15_y15	lh	15	15	subiculum	274	99.3
lh_x15_y16	lh	15	16	subiculum	274	97.8
lh_x15_y17	lh	15	17	subiculum	274	93.8
lh_x15_y18	lh	15	18	subiculum	274	90.9
lh_x15_y19	lh	15	19	subiculum	274	89.1
lh_x15_y20	lh	15	20	subiculum	274	83.2
lh_x16_y0	lh	16	0	subiculum	274	100.0
lh_x16_y1	lh	16	1	subiculum	274	100.0
lh_x16_y2	lh	16	2	subiculum	274	100.0
lh_x16_y3	lh	16	3	subiculum	274	100.0
lh_x16_y4	lh	16	4	subiculum	274	100.0
lh_x16_y5	lh	16	5	subiculum	274	100.0
lh_x16_y6	lh	16	6	subiculum	274	99.6
lh_x16_y7	lh	16	7	subiculum	274	100.0
lh_x16_y8	lh	16	8	subiculum	274	100.0
lh_x16_y9	lh	16	9	subiculum	274	99.6
lh_x16_y10	lh	16	10	subiculum	274	99.3
lh_x16_y11	lh	16	11	subiculum	274	99.3
lh_x16_y12	lh	16	12	subiculum	274	99.3
lh_x16_y13	lh	16	13	subiculum	274	99.3
lh_x16_y14	lh	16	14	subiculum	274	98.9
lh_x16_y15	lh	16	15	subiculum	274	96.7
lh_x16_y16	lh	16	16	subiculum	274	91.6
lh_x16_y17	lh	16	17	subiculum	274	86.9
lh_x16_y18	lh	16	18	subiculum	274	82.5
lh_x16_y19	lh	16	19	subiculum	274	77.4
lh_x16_y20	lh	16	20	subiculum	274	65.7
lh_x17_y0	lh	17	0	subiculum	274	98.2
lh_x17_y1	lh	17	1	subiculum	274	98.9
lh_x17_y2	lh	17	2	subiculum	274	99.3
lh_x17_y3	lh	17	3	subiculum	274	100.0
lh_x17_y4	lh	17	4	subiculum	274	98.9
lh_x17_y5	lh	17	5	subiculum	274	98.5
lh_x17_y6	lh	17	6	subiculum	274	98.5
lh_x17_y7	lh	17	7	subiculum	274	99.3
lh_x17_y8	lh	17	8	subiculum	274	98.9
lh_x17_y9	lh	17	9	subiculum	274	98.9
lh_x17_y10	lh	17	10	subiculum	274	98.5
lh_x17_y11	lh	17	11	subiculum	274	98.9
lh_x17_y12	lh	17	12	subiculum	274	98.2
lh_x17_y13	lh	17	13	subiculum	274	98.2
lh_x17_y14	lh	17	14	subiculum	274	94.9
lh_x17_y15	lh	17	15	subiculum	274	93.4
lh_x17_y16	lh	17	16	subiculum	274	82.8
lh_x17_y17	lh	17	17	subiculum	274	73.7
lh_x17_y18	lh	17	18	subiculum	274	63.9
lh_x18_y0	lh	18	0	subiculum	274	94.2
lh_x18_y1	lh	18	1	subiculum	274	95.3
lh_x18_y2	lh	18	2	subiculum	274	97.4
lh_x18_y3	lh	18	3	subiculum	274	97.8
lh_x18_y4	lh	18	4	subiculum	274	96.0
lh_x18_y5	lh	18	5	subiculum	274	96.0
lh_x18_y6	lh	18	6	subiculum	274	97.1
lh_x18_y7	lh	18	7	subiculum	274	96.0
lh_x18_y8	lh	18	8	subiculum	274	96.0
lh_x18_y9	lh	18	9	subiculum	274	95.3
lh_x18_y10	lh	18	10	subiculum	274	93.8
lh_x18_y11	lh	18	11	subiculum	274	93.1
lh_x18_y12	lh	18	12	subiculum	274	93.1
lh_x18_y13	lh	18	13	subiculum	274	92.0
lh_x18_y14	lh	18	14	subiculum	274	87.2
lh_x18_y15	lh	18	15	subiculum	274	80.7
lh_x18_y16	lh	18	16	subiculum	274	70.1
lh_x18_y18	lh	18	18	CA1	274	60.6
lh_x18_y19	lh	18	19	CA1	274	64.2
lh_x18_y20	lh	18	20	CA1	274	70.1
lh_x19_y0	lh	19	0	subiculum	274	87.2
lh_x19_y1	lh	19	1	subiculum	274	88.7
lh_x19_y2	lh	19	2	subiculum	274	89.4
lh_x19_y3	lh	19	3	subiculum	274	90.5
lh_x19_y4	lh	19	4	subiculum	274	90.5
lh_x19_y5	lh	19	5	subiculum	274	88.0
lh_x19_y6	lh	19	6	subiculum	274	87.2
lh_x19_y7	lh	19	7	subiculum	274	88.7
lh_x19_y8	lh	19	8	subiculum	274	85.8
lh_x19_y9	lh	19	9	subiculum	274	82.8
lh_x19_y10	lh	19	10	subiculum	274	82.8
lh_x19_y11	lh	19	11	subiculum	274	81.4
lh_x19_y12	lh	19	12	subiculum	274	80.3
lh_x19_y13	lh	19	13	subiculum	274	78.1
lh_x19_y14	lh	19	14	subiculum	274	73.4
lh_x19_y15	lh	19	15	subiculum	274	64.2
lh_x19_y17	lh	19	17	CA1	274	66.8
lh_x19_y18	lh	19	18	CA1	274	73.7
lh_x19_y19	lh	19	19	CA1	274	76.6
lh_x19_y20	lh	19	20	CA1	274	80.3
lh_x20_y0	lh	20	0	subiculum	274	73.4
lh_x20_y1	lh	20	1	subiculum	274	74.5
lh_x20_y2	lh	20	2	subiculum	274	76.6
lh_x20_y3	lh	20	3	subiculum	274	77.0
lh_x20_y4	lh	20	4	subiculum	274	77.0
lh_x20_y5	lh	20	5	subiculum	274	74.1
lh_x20_y6	lh	20	6	subiculum	274	74.1
lh_x20_y7	lh	20	7	subiculum	274	73.0
lh_x20_y8	lh	20	8	subiculum	274	72.3
lh_x20_y9	lh	20	9	subiculum	274	69.3
lh_x20_y10	lh	20	10	subiculum	274	64.6
lh_x20_y11	lh	20	11	subiculum	274	61.7
lh_x20_y12	lh	20	12	subiculum	274	60.9
lh_x20_y16	lh	20	16	CA1	274	71.5
lh_x20_y17	lh	20	17	CA1	274	77.7
lh_x20_y18	lh	20	18	CA1	274	85.4
lh_x20_y19	lh	20	19	CA1	274	86.5
lh_x20_y20	lh	20	20	CA1	274	88.7
lh_x21_y12	lh	21	12	CA1	274	61.7
lh_x21_y13	lh	21	13	CA1	274	62.4
lh_x21_y14	lh	21	14	CA1	274	67.2
lh_x21_y15	lh	21	15	CA1	274	72.3
lh_x21_y16	lh	21	16	CA1	274	78.5
lh_x21_y17	lh	21	17	CA1	274	85.4
lh_x21_y18	lh	21	18	CA1	274	90.9
lh_x21_y19	lh	21	19	CA1	274	93.1
lh_x21_y20	lh	21	20	CA1	274	94.9
lh_x22_y0	lh	22	0	CA1	274	62.8
lh_x22_y1	lh	22	1	CA1	274	63.1
lh_x22_y2	lh	22	2	CA1	274	60.9
lh_x22_y5	lh	22	5	CA1	274	64.2
lh_x22_y6	lh	22	6	CA1	274	67.9
lh_x22_y7	lh	22	7	CA1	274	65.0
lh_x22_y8	lh	22	8	CA1	274	67.9
lh_x22_y9	lh	22	9	CA1	274	72.3
lh_x22_y10	lh	22	10	CA1	274	73.7
lh_x22_y11	lh	22	11	CA1	274	74.5
lh_x22_y12	lh	22	12	CA1	274	75.2
lh_x22_y13	lh	22	13	CA1	274	75.9
lh_x22_y14	lh	22	14	CA1	274	78.5
lh_x22_y15	lh	22	15	CA1	274	84.7
lh_x22_y16	lh	22	16	CA1	274	88.0
lh_x22_y17	lh	22	17	CA1	274	92.7
lh_x22_y18	lh	22	18	CA1	274	94.9
lh_x22_y19	lh	22	19	CA1	274	97.1
lh_x22_y20	lh	22	20	CA1	274	96.7
lh_x23_y0	lh	23	0	CA1	274	78.1
lh_x23_y1	lh	23	1	CA1	274	76.6
lh_x23_y2	lh	23	2	CA1	274	75.5
lh_x23_y3	lh	23	3	CA1	274	76.6
lh_x23_y4	lh	23	4	CA1	274	76.6
lh_x23_y5	lh	23	5	CA1	274	76.3
lh_x23_y6	lh	23	6	CA1	274	79.9
lh_x23_y7	lh	23	7	CA1	274	79.9
lh_x23_y8	lh	23	8	CA1	274	79.9
lh_x23_y9	lh	23	9	CA1	274	81.8
lh_x23_y10	lh	23	10	CA1	274	85.0
lh_x23_y11	lh	23	11	CA1	274	86.9
lh_x23_y12	lh	23	12	CA1	274	85.0
lh_x23_y13	lh	23	13	CA1	274	88.3
lh_x23_y14	lh	23	14	CA1	274	88.7
lh_x23_y15	lh	23	15	CA1	274	88.7
lh_x23_y16	lh	23	16	CA1	274	93.4
lh_x23_y17	lh	23	17	CA1	274	95.6
lh_x23_y18	lh	23	18	CA1	274	97.8
lh_x23_y19	lh	23	19	CA1	274	97.8
lh_x23_y20	lh	23	20	CA1	274	98.2
lh_x24_y0	lh	24	0	CA1	274	85.4
lh_x24_y1	lh	24	1	CA1	274	84.7
lh_x24_y2	lh	24	2	CA1	274	84.7
lh_x24_y3	lh	24	3	CA1	274	85.0
lh_x24_y4	lh	24	4	CA1	274	83.2
lh_x24_y5	lh	24	5	CA1	274	85.8
lh_x24_y6	lh	24	6	CA1	274	86.1
lh_x24_y7	lh	24	7	CA1	274	85.8
lh_x24_y8	lh	24	8	CA1	274	86.5
lh_x24_y9	lh	24	9	CA1	274	88.0
lh_x24_y10	lh	24	10	CA1	274	89.1
lh_x24_y11	lh	24	11	CA1	274	86.9
lh_x24_y12	lh	24	12	CA1	274	86.5
lh_x24_y13	lh	24	13	CA1	274	89.1
lh_x24_y14	lh	24	14	CA1	274	91.2
lh_x24_y15	lh	24	15	CA1	274	93.1
lh_x24_y16	lh	24	16	CA1	274	94.2
lh_x24_y17	lh	24	17	CA1	274	96.7
lh_x24_y18	lh	24	18	CA1	274	95.6
lh_x24_y19	lh	24	19	CA1	274	96.7
lh_x24_y20	lh	24	20	CA1	274	97.4
lh_x25_y0	lh	25	0	CA1	274	88.3
lh_x25_y1	lh	25	1	CA1	274	87.2
lh_x25_y2	lh	25	2	CA1	274	88.3
lh_x25_y3	lh	25	3	CA1	274	86.1
lh_x25_y4	lh	25	4	CA1	274	86.5
lh_x25_y5	lh	25	5	CA1	274	86.9
lh_x25_y6	lh	25	6	CA1	274	84.7
lh_x25_y7	lh	25	7	CA1	274	81.0
lh_x25_y8	lh	25	8	CA1	274	82.5
lh_x25_y9	lh	25	9	CA1	274	83.2
lh_x25_y10	lh	25	10	CA1	274	85.0
lh_x25_y11	lh	25	11	CA1	274	80.3
lh_x25_y12	lh	25	12	CA1	274	78.1
lh_x25_y13	lh	25	13	CA1	274	80.7
lh_x25_y14	lh	25	14	CA1	274	84.3
lh_x25_y15	lh	25	15	CA1	274	87.6
lh_x25_y16	lh	25	16	CA1	274	88.3
lh_x25_y17	lh	25	17	CA1	274	88.3
lh_x25_y18	lh	25	18	CA1	274	90.1
lh_x25_y19	lh	25	19	CA1	274	92.7
lh_x25_y20	lh	25	20	CA1	274	95.6
lh_x26_y0	lh	26	0	CA1	274	89.1
lh_x26_y1	lh	26	1	CA1	274	87.6
lh_x26_y2	lh	26	2	CA1	274	87.2
lh_x26_y3	lh	26	3	CA1	274	86.5
lh_x26_y4	lh	26	4	CA1	274	83.2
lh_x26_y5	lh	26	5	CA1	274	82.1
lh_x26_y6	lh	26	6	CA1	274	77.4
lh_x26_y7	lh	26	7	CA1	274	73.7
lh_x26_y8	lh	26	8	CA1	274	72.6
lh_x26_y9	lh	26	9	CA1	274	71.2
lh_x26_y10	lh	26	10	CA1	274	67.5
lh_x26_y11	lh	26	11	CA1	274	64.2
lh_x26_y12	lh	26	12	CA1	274	63.5
lh_x26_y13	lh	26	13	CA1	274	67.2
lh_x26_y14	lh	26	14	CA1	274	73.0
lh_x26_y15	lh	26	15	CA1	274	74.8
lh_x26_y16	lh	26	16	CA1	274	77.0
lh_x26_y17	lh	26	17	CA1	274	76.6
lh_x26_y18	lh	26	18	CA1	274	75.9
lh_x26_y19	lh	26	19	CA1	274	81.0
lh_x26_y20	lh	26	20	CA1	274	86.9
lh_x27_y0	lh	27	0	CA1	274	86.5
lh_x27_y1	lh	27	1	CA1	274	82.1
lh_x27_y2	lh	27	2	CA1	274	81.4
lh_x27_y3	lh	27	3	CA1	274	77.7
lh_x27_y4	lh	27	4	CA1	274	77.4
lh_x27_y5	lh	27	5	CA1	274	67.9
lh_x27_y19	lh	27	19	CA1	274	64.2
lh_x27_y20	lh	27	20	CA1	274	75.9
lh_x28_y0	lh	28	0	CA1	274	76.3
lh_x28_y1	lh	28	1	CA1	274	67.2
lh_x28_y2	lh	28	2	CA1	274	63.5
lh_x28_y3	lh	28	3	CA1	274	66.4
lh_x28_y7	lh	28	7	CA2_CA3	274	65.7
lh_x28_y8	lh	28	8	CA2_CA3	274	67.2
lh_x28_y9	lh	28	9	CA2_CA3	274	67.5
lh_x28_y10	lh	28	10	CA2_CA3	274	69.7
lh_x28_y11	lh	28	11	CA2_CA3	274	74.8
lh_x28_y12	lh	28	12	CA2_CA3	274	70.8
lh_x28_y13	lh	28	13	CA2_CA3	274	67.9
lh_x28_y14	lh	28	14	CA2_CA3	274	66.8
lh_x28_y15	lh	28	15	CA2_CA3	274	66.8
lh_x28_y16	lh	28	16	CA2_CA3	274	67.9
lh_x28_y17	lh	28	17	CA2_CA3	274	67.9
lh_x28_y18	lh	28	18	CA2_CA3	274	69.0
lh_x29_y5	lh	29	5	CA2_CA3	274	64.2
lh_x29_y6	lh	29	6	CA2_CA3	274	71.9
lh_x29_y7	lh	29	7	CA2_CA3	274	79.9
lh_x29_y8	lh	29	8	CA2_CA3	274	81.0
lh_x29_y9	lh	29	9	CA2_CA3	274	81.4
lh_x29_y10	lh	29	10	CA2_CA3	274	81.4
lh_x29_y11	lh	29	11	CA2_CA3	274	83.6
lh_x29_y12	lh	29	12	CA2_CA3	274	84.7
lh_x29_y13	lh	29	13	CA2_CA3	274	84.3
lh_x29_y14	lh	29	14	CA2_CA3	274	82.5
lh_x29_y15	lh	29	15	CA2_CA3	274	83.6
lh_x29_y16	lh	29	16	CA2_CA3	274	83.6
lh_x29_y17	lh	29	17	CA2_CA3	274	83.9
lh_x29_y18	lh	29	18	CA2_CA3	274	85.4
lh_x29_y19	lh	29	19	CA2_CA3	274	78.8
lh_x29_y20	lh	29	20	CA2_CA3	274	74.1
lh_x30_y1	lh	30	1	CA2_CA3	274	66.8
lh_x30_y2	lh	30	2	CA2_CA3	274	70.4
lh_x30_y3	lh	30	3	CA2_CA3	274	69.7
lh_x30_y4	lh	30	4	CA2_CA3	274	72.3
lh_x30_y5	lh	30	5	CA2_CA3	274	76.6
lh_x30_y6	lh	30	6	CA2_CA3	274	80.3
lh_x30_y7	lh	30	7	CA2_CA3	274	86.1
lh_x30_y8	lh	30	8	CA2_CA3	274	86.1
lh_x30_y9	lh	30	9	CA2_CA3	274	86.9
lh_x30_y10	lh	30	10	CA2_CA3	274	87.2
lh_x30_y11	lh	30	11	CA2_CA3	274	88.0
lh_x30_y12	lh	30	12	CA2_CA3	274	90.1
lh_x30_y13	lh	30	13	CA2_CA3	274	90.1
lh_x30_y14	lh	30	14	CA2_CA3	274	90.5
lh_x30_y15	lh	30	15	CA2_CA3	274	90.9
lh_x30_y16	lh	30	16	CA2_CA3	274	90.9
lh_x30_y17	lh	30	17	CA2_CA3	274	91.2
lh_x30_y18	lh	30	18	CA2_CA3	274	91.2
lh_x30_y19	lh	30	19	CA2_CA3	274	89.8
lh_x30_y20	lh	30	20	CA2_CA3	274	85.8
lh_x31_y0	lh	31	0	CA2_CA3	274	71.2
lh_x31_y1	lh	31	1	CA2_CA3	274	77.7
lh_x31_y2	lh	31	2	CA2_CA3	274	81.4
lh_x31_y3	lh	31	3	CA2_CA3	274	81.0
lh_x31_y4	lh	31	4	CA2_CA3	274	82.1
lh_x31_y5	lh	31	5	CA2_CA3	274	85.4
lh_x31_y6	lh	31	6	CA2_CA3	274	86.5
lh_x31_y7	lh	31	7	CA2_CA3	274	90.9
lh_x31_y8	lh	31	8	CA2_CA3	274	91.6
lh_x31_y9	lh	31	9	CA2_CA3	274	91.6
lh_x31_y10	lh	31	10	CA2_CA3	274	92.7
lh_x31_y11	lh	31	11	CA2_CA3	274	93.1
lh_x31_y12	lh	31	12	CA2_CA3	274	93.8
lh_x31_y13	lh	31	13	CA2_CA3	274	93.1
lh_x31_y14	lh	31	14	CA2_CA3	274	92.7
lh_x31_y15	lh	31	15	CA2_CA3	274	93.4
lh_x31_y16	lh	31	16	CA2_CA3	274	93.4
lh_x31_y17	lh	31	17	CA2_CA3	274	93.4
lh_x31_y18	lh	31	18	CA2_CA3	274	94.5
lh_x31_y19	lh	31	19	CA2_CA3	274	92.7
lh_x31_y20	lh	31	20	CA2_CA3	274	92.0
lh_x32_y0	lh	32	0	CA2_CA3	274	82.8
lh_x32_y1	lh	32	1	CA2_CA3	274	86.9
lh_x32_y2	lh	32	2	CA2_CA3	274	87.6
lh_x32_y3	lh	32	3	CA2_CA3	274	88.0
lh_x32_y4	lh	32	4	CA2_CA3	274	88.0
lh_x32_y5	lh	32	5	CA2_CA3	274	89.4
lh_x32_y6	lh	32	6	CA2_CA3	274	92.7
lh_x32_y7	lh	32	7	CA2_CA3	274	94.2
lh_x32_y8	lh	32	8	CA2_CA3	274	94.5
lh_x32_y9	lh	32	9	CA2_CA3	274	94.9
lh_x32_y10	lh	32	10	CA2_CA3	274	95.3
lh_x32_y11	lh	32	11	CA2_CA3	274	95.6
lh_x32_y12	lh	32	12	CA2_CA3	274	96.7
lh_x32_y13	lh	32	13	CA2_CA3	274	96.4
lh_x32_y14	lh	32	14	CA2_CA3	274	95.6
lh_x32_y15	lh	32	15	CA2_CA3	274	95.6
lh_x32_y16	lh	32	16	CA2_CA3	274	95.3
lh_x32_y17	lh	32	17	CA2_CA3	274	96.0
lh_x32_y18	lh	32	18	CA2_CA3	274	96.0
lh_x32_y19	lh	32	19	CA2_CA3	274	95.3
lh_x32_y20	lh	32	20	CA2_CA3	274	94.9
lh_x33_y0	lh	33	0	CA2_CA3	274	87.6
lh_x33_y1	lh	33	1	CA2_CA3	274	89.8
lh_x33_y2	lh	33	2	CA2_CA3	274	91.2
lh_x33_y3	lh	33	3	CA2_CA3	274	91.6
lh_x33_y4	lh	33	4	CA2_CA3	274	92.3
lh_x33_y5	lh	33	5	CA2_CA3	274	93.8
lh_x33_y6	lh	33	6	CA2_CA3	274	94.9
lh_x33_y7	lh	33	7	CA2_CA3	274	95.6
lh_x33_y8	lh	33	8	CA2_CA3	274	96.0
lh_x33_y9	lh	33	9	CA2_CA3	274	96.0
lh_x33_y10	lh	33	10	CA2_CA3	274	96.0
lh_x33_y11	lh	33	11	CA2_CA3	274	96.7
lh_x33_y12	lh	33	12	CA2_CA3	274	97.1
lh_x33_y13	lh	33	13	CA2_CA3	274	96.7
lh_x33_y14	lh	33	14	CA2_CA3	274	96.7
lh_x33_y15	lh	33	15	CA2_CA3	274	96.7
lh_x33_y16	lh	33	16	CA2_CA3	274	96.7
lh_x33_y17	lh	33	17	CA2_CA3	274	97.4
lh_x33_y18	lh	33	18	CA2_CA3	274	97.1
lh_x33_y19	lh	33	19	CA2_CA3	274	96.7
lh_x33_y20	lh	33	20	CA2_CA3	274	96.0
lh_x34_y0	lh	34	0	CA2_CA3	274	90.5
lh_x34_y1	lh	34	1	CA2_CA3	274	93.4
lh_x34_y2	lh	34	2	CA2_CA3	274	94.5
lh_x34_y3	lh	34	3	CA2_CA3	274	95.3
lh_x34_y4	lh	34	4	CA2_CA3	274	96.0
lh_x34_y5	lh	34	5	CA2_CA3	274	95.6
lh_x34_y6	lh	34	6	CA2_CA3	274	95.6
lh_x34_y7	lh	34	7	CA2_CA3	274	96.7
lh_x34_y8	lh	34	8	CA2_CA3	274	97.1
lh_x34_y9	lh	34	9	CA2_CA3	274	96.7
lh_x34_y10	lh	34	10	CA2_CA3	274	97.1
lh_x34_y11	lh	34	11	CA2_CA3	274	97.8
lh_x34_y12	lh	34	12	CA2_CA3	274	97.8
lh_x34_y13	lh	34	13	CA2_CA3	274	98.2
lh_x34_y14	lh	34	14	CA2_CA3	274	97.8
lh_x34_y15	lh	34	15	CA2_CA3	274	97.8
lh_x34_y16	lh	34	16	CA2_CA3	274	97.8
lh_x34_y17	lh	34	17	CA2_CA3	274	98.2
lh_x34_y18	lh	34	18	CA2_CA3	274	98.2
lh_x34_y19	lh	34	19	CA2_CA3	274	98.2
lh_x34_y20	lh	34	20	CA2_CA3	274	97.8
lh_x35_y0	lh	35	0	CA2_CA3	274	93.4
lh_x35_y1	lh	35	1	CA2_CA3	274	95.6
lh_x35_y2	lh	35	2	CA2_CA3	274	96.4
lh_x35_y3	lh	35	3	CA2_CA3	274	96.0
lh_x35_y4	lh	35	4	CA2_CA3	274	96.4
lh_x35_y5	lh	35	5	CA2_CA3	274	96.7
lh_x35_y6	lh	35	6	CA2_CA3	274	96.0
lh_x35_y7	lh	35	7	CA2_CA3	274	96.4
lh_x35_y8	lh	35	8	CA2_CA3	274	98.2
lh_x35_y9	lh	35	9	CA2_CA3	274	98.2
lh_x35_y10	lh	35	10	CA2_CA3	274	97.4
lh_x35_y11	lh	35	11	CA2_CA3	274	97.8
lh_x35_y12	lh	35	12	CA2_CA3	274	98.9
lh_x35_y13	lh	35	13	CA2_CA3	274	98.2
lh_x35_y14	lh	35	14	CA2_CA3	274	98.9
lh_x35_y15	lh	35	15	CA2_CA3	274	98.2
lh_x35_y16	lh	35	16	CA2_CA3	274	98.2
lh_x35_y17	lh	35	17	CA2_CA3	274	98.5
lh_x35_y18	lh	35	18	CA2_CA3	274	98.5
lh_x35_y19	lh	35	19	CA2_CA3	274	98.5
lh_x35_y20	lh	35	20	CA2_CA3	274	98.2
lh_x36_y0	lh	36	0	CA2_CA3	274	94.9
lh_x36_y1	lh	36	1	CA2_CA3	274	96.0
lh_x36_y2	lh	36	2	CA2_CA3	274	95.6
lh_x36_y3	lh	36	3	CA2_CA3	274	96.4
lh_x36_y4	lh	36	4	CA2_CA3	274	97.4
lh_x36_y5	lh	36	5	CA2_CA3	274	97.1
lh_x36_y6	lh	36	6	CA2_CA3	274	97.8
lh_x36_y7	lh	36	7	CA2_CA3	274	98.5
lh_x36_y8	lh	36	8	CA2_CA3	274	98.5
lh_x36_y9	lh	36	9	CA2_CA3	274	98.5
lh_x36_y10	lh	36	10	CA2_CA3	274	98.5
lh_x36_y11	lh	36	11	CA2_CA3	274	98.9
lh_x36_y12	lh	36	12	CA2_CA3	274	99.3
lh_x36_y13	lh	36	13	CA2_CA3	274	99.3
lh_x36_y14	lh	36	14	CA2_CA3	274	99.3
lh_x36_y15	lh	36	15	CA2_CA3	274	99.3
lh_x36_y16	lh	36	16	CA2_CA3	274	98.9
lh_x36_y17	lh	36	17	CA2_CA3	274	99.3
lh_x36_y18	lh	36	18	CA2_CA3	274	99.3
lh_x36_y19	lh	36	19	CA2_CA3	274	99.3
lh_x36_y20	lh	36	20	CA2_CA3	274	99.3
lh_x37_y0	lh	37	0	CA2_CA3	274	96.0
lh_x37_y1	lh	37	1	CA2_CA3	274	96.4
lh_x37_y2	lh	37	2	CA2_CA3	274	97.1
lh_x37_y3	lh	37	3	CA2_CA3	274	97.8
lh_x37_y4	lh	37	4	CA2_CA3	274	97.4
lh_x37_y5	lh	37	5	CA2_CA3	274	97.1
lh_x37_y6	lh	37	6	CA2_CA3	274	98.2
lh_x37_y7	lh	37	7	CA2_CA3	274	98.5
lh_x37_y8	lh	37	8	CA2_CA3	274	98.9
lh_x37_y9	lh	37	9	CA2_CA3	274	98.9
lh_x37_y10	lh	37	10	CA2_CA3	274	98.2
lh_x37_y11	lh	37	11	CA2_CA3	274	98.9
lh_x37_y12	lh	37	12	CA2_CA3	274	99.3
lh_x37_y13	lh	37	13	CA2_CA3	274	98.9
lh_x37_y14	lh	37	14	CA2_CA3	274	98.5
lh_x37_y15	lh	37	15	CA2_CA3	274	99.3
lh_x37_y16	lh	37	16	CA2_CA3	274	99.3
lh_x37_y17	lh	37	17	CA2_CA3	274	99.3
lh_x37_y18	lh	37	18	CA2_CA3	274	99.3
lh_x37_y19	lh	37	19	CA2_CA3	274	99.3
lh_x37_y20	lh	37	20	CA2_CA3	274	98.9
lh_x38_y0	lh	38	0	CA2_CA3	274	95.3
lh_x38_y1	lh	38	1	CA2_CA3	274	97.1
lh_x38_y2	lh	38	2	CA2_CA3	274	96.7
lh_x38_y3	lh	38	3	CA2_CA3	274	97.4
lh_x38_y4	lh	38	4	CA2_CA3	274	97.4
lh_x38_y5	lh	38	5	CA2_CA3	274	97.1
lh_x38_y6	lh	38	6	CA2_CA3	274	97.8
lh_x38_y7	lh	38	7	CA2_CA3	274	98.9
lh_x38_y8	lh	38	8	CA2_CA3	274	98.5
lh_x38_y9	lh	38	9	CA2_CA3	274	98.9
lh_x38_y10	lh	38	10	CA2_CA3	274	99.3
lh_x38_y11	lh	38	11	CA2_CA3	274	98.2
lh_x38_y12	lh	38	12	CA2_CA3	274	99.3
lh_x38_y13	lh	38	13	CA2_CA3	274	98.5
lh_x38_y14	lh	38	14	CA2_CA3	274	98.5
lh_x38_y15	lh	38	15	CA2_CA3	274	98.9
lh_x38_y16	lh	38	16	CA2_CA3	274	98.5
lh_x38_y17	lh	38	17	CA2_CA3	274	98.5
lh_x38_y18	lh	38	18	CA2_CA3	274	98.5
lh_x38_y19	lh	38	19	CA2_CA3	274	99.3
lh_x38_y20	lh	38	20	CA2_CA3	274	96.4
lh_x39_y0	lh	39	0	CA2_CA3	274	95.6
lh_x39_y1	lh	39	1	CA2_CA3	274	97.4
lh_x39_y2	lh	39	2	CA2_CA3	274	94.5
lh_x39_y3	lh	39	3	CA2_CA3	274	97.4
lh_x39_y4	lh	39	4	CA2_CA3	274	96.4
lh_x39_y5	lh	39	5	CA2_CA3	274	96.4
lh_x39_y6	lh	39	6	CA2_CA3	274	97.1
lh_x39_y7	lh	39	7	CA2_CA3	274	96.7
lh_x39_y8	lh	39	8	CA2_CA3	274	98.2
lh_x39_y9	lh	39	9	CA2_CA3	274	98.2
lh_x39_y10	lh	39	10	CA2_CA3	274	98.9
lh_x39_y11	lh	39	11	CA2_CA3	274	97.8
lh_x39_y12	lh	39	12	CA2_CA3	274	98.2
lh_x39_y13	lh	39	13	CA2_CA3	274	97.4
lh_x39_y14	lh	39	14	CA2_CA3	274	97.8
lh_x39_y15	lh	39	15	CA2_CA3	274	96.7
lh_x39_y16	lh	39	16	CA2_CA3	274	97.4
lh_x39_y17	lh	39	17	CA2_CA3	274	98.5
lh_x39_y18	lh	39	18	CA2_CA3	274	97.4
lh_x39_y19	lh	39	19	CA2_CA3	274	98.5
lh_x39_y20	lh	39	20	CA2_CA3	274	96.0
lh_x40_y0	lh	40	0	CA2_CA3	274	94.2
lh_x40_y1	lh	40	1	CA2_CA3	274	94.2
lh_x40_y2	lh	40	2	CA2_CA3	274	91.6
lh_x40_y3	lh	40	3	CA2_CA3	274	95.3
lh_x40_y4	lh	40	4	CA2_CA3	274	94.2
lh_x40_y5	lh	40	5	CA2_CA3	274	93.1
lh_x40_y6	lh	40	6	CA2_CA3	274	93.1
lh_x40_y7	lh	40	7	CA2_CA3	274	94.5
lh_x40_y8	lh	40	8	CA2_CA3	274	96.0
lh_x40_y9	lh	40	9	CA2_CA3	274	94.9
lh_x40_y10	lh	40	10	CA2_CA3	274	95.3
lh_x40_y11	lh	40	11	CA2_CA3	274	92.3
lh_x40_y12	lh	40	12	CA2_CA3	274	96.0
lh_x40_y13	lh	40	13	CA2_CA3	274	94.9
lh_x40_y14	lh	40	14	CA2_CA3	274	95.3
lh_x40_y15	lh	40	15	CA2_CA3	274	93.4
lh_x40_y16	lh	40	16	CA2_CA3	274	93.4
lh_x40_y17	lh	40	17	CA2_CA3	274	94.9
lh_x40_y18	lh	40	18	CA2_CA3	274	93.8
lh_x40_y19	lh	40	19	CA2_CA3	274	98.2
lh_x40_y20	lh	40	20	CA2_CA3	274	95.6
rh_x0_y0	rh	0	0	presubiculum	271	96.3
rh_x0_y1	rh	0	1	presubiculum	271	96.3
rh_x0_y2	rh	0	2	presubiculum	271	97.0
rh_x0_y3	rh	0	3	presubiculum	271	96.3
rh_x0_y4	rh	0	4	presubiculum	271	96.7
rh_x0_y5	rh	0	5	presubiculum	271	97.8
rh_x0_y6	rh	0	6	presubiculum	271	97.0
rh_x0_y7	rh	0	7	presubiculum	271	97.8
rh_x0_y8	rh	0	8	presubiculum	271	96.7
rh_x0_y9	rh	0	9	presubiculum	271	96.7
rh_x0_y10	rh	0	10	presubiculum	271	97.0
rh_x0_y11	rh	0	11	presubiculum	271	97.0
rh_x0_y12	rh	0	12	presubiculum	271	97.0
rh_x0_y13	rh	0	13	presubiculum	271	98.5
rh_x0_y14	rh	0	14	presubiculum	271	95.9
rh_x0_y15	rh	0	15	presubiculum	271	95.6
rh_x0_y16	rh	0	16	presubiculum	271	95.2
rh_x0_y17	rh	0	17	presubiculum	271	92.6
rh_x0_y18	rh	0	18	presubiculum	271	90.8
rh_x0_y19	rh	0	19	presubiculum	271	93.0
rh_x0_y20	rh	0	20	presubiculum	271	98.2
rh_x1_y0	rh	1	0	presubiculum	274	96.0
rh_x1_y1	rh	1	1	presubiculum	274	98.9
rh_x1_y2	rh	1	2	presubiculum	274	98.2
rh_x1_y3	rh	1	3	presubiculum	274	98.2
rh_x1_y4	rh	1	4	presubiculum	274	98.9
rh_x1_y5	rh	1	5	presubiculum	274	99.3
rh_x1_y6	rh	1	6	presubiculum	274	99.3
rh_x1_y7	rh	1	7	presubiculum	274	98.9
rh_x1_y8	rh	1	8	presubiculum	274	99.3
rh_x1_y9	rh	1	9	presubiculum	274	99.3
rh_x1_y10	rh	1	10	presubiculum	274	98.9
rh_x1_y11	rh	1	11	presubiculum	274	99.6
rh_x1_y12	rh	1	12	presubiculum	274	99.3
rh_x1_y13	rh	1	13	presubiculum	274	99.6
rh_x1_y14	rh	1	14	presubiculum	274	98.9
rh_x1_y15	rh	1	15	presubiculum	274	99.6
rh_x1_y16	rh	1	16	presubiculum	274	98.5
rh_x1_y17	rh	1	17	presubiculum	274	98.9
rh_x1_y18	rh	1	18	presubiculum	274	98.9
rh_x1_y19	rh	1	19	presubiculum	274	100.0
rh_x1_y20	rh	1	20	presubiculum	274	100.0
rh_x2_y0	rh	2	0	presubiculum	275	97.5
rh_x2_y1	rh	2	1	presubiculum	275	99.6
rh_x2_y2	rh	2	2	presubiculum	275	98.9
rh_x2_y3	rh	2	3	presubiculum	275	99.3
rh_x2_y4	rh	2	4	presubiculum	275	100.0
rh_x2_y5	rh	2	5	presubiculum	275	99.6
rh_x2_y6	rh	2	6	presubiculum	275	99.6
rh_x2_y7	rh	2	7	presubiculum	275	100.0
rh_x2_y8	rh	2	8	presubiculum	275	99.6
rh_x2_y9	rh	2	9	presubiculum	275	98.5
rh_x2_y10	rh	2	10	presubiculum	275	100.0
rh_x2_y11	rh	2	11	presubiculum	275	100.0
rh_x2_y12	rh	2	12	presubiculum	275	99.6
rh_x2_y13	rh	2	13	presubiculum	275	100.0
rh_x2_y14	rh	2	14	presubiculum	275	99.3
rh_x2_y15	rh	2	15	presubiculum	275	99.6
rh_x2_y16	rh	2	16	presubiculum	275	100.0
rh_x2_y17	rh	2	17	presubiculum	275	99.6
rh_x2_y18	rh	2	18	presubiculum	275	100.0
rh_x2_y19	rh	2	19	presubiculum	275	100.0
rh_x2_y20	rh	2	20	presubiculum	275	100.0
rh_x3_y0	rh	3	0	presubiculum	275	97.8
rh_x3_y1	rh	3	1	presubiculum	275	99.6
rh_x3_y2	rh	3	2	presubiculum	275	100.0
rh_x3_y3	rh	3	3	presubiculum	275	100.0
rh_x3_y4	rh	3	4	presubiculum	275	100.0
rh_x3_y5	rh	3	5	presubiculum	275	99.6
rh_x3_y6	rh	3	6	presubiculum	275	100.0
rh_x3_y7	rh	3	7	presubiculum	275	99.6
rh_x3_y8	rh	3	8	presubiculum	275	100.0
rh_x3_y9	rh	3	9	presubiculum	275	100.0
rh_x3_y10	rh	3	10	presubiculum	275	100.0
rh_x3_y11	rh	3	11	presubiculum	275	100.0
rh_x3_y12	rh	3	12	presubiculum	275	99.6
rh_x3_y13	rh	3	13	presubiculum	275	100.0
rh_x3_y14	rh	3	14	presubiculum	275	99.6
rh_x3_y15	rh	3	15	presubiculum	275	100.0
rh_x3_y16	rh	3	16	presubiculum	275	100.0
rh_x3_y17	rh	3	17	presubiculum	275	99.6
rh_x3_y18	rh	3	18	presubiculum	275	99.6
rh_x3_y19	rh	3	19	presubiculum	275	100.0
rh_x3_y20	rh	3	20	presubiculum	275	100.0
rh_x4_y0	rh	4	0	presubiculum	275	94.2
rh_x4_y1	rh	4	1	presubiculum	275	97.1
rh_x4_y2	rh	4	2	presubiculum	275	99.3
rh_x4_y3	rh	4	3	presubiculum	275	100.0
rh_x4_y4	rh	4	4	presubiculum	275	100.0
rh_x4_y5	rh	4	5	presubiculum	275	99.6
rh_x4_y6	rh	4	6	presubiculum	275	100.0
rh_x4_y7	rh	4	7	presubiculum	275	100.0
rh_x4_y8	rh	4	8	presubiculum	275	100.0
rh_x4_y9	rh	4	9	presubiculum	275	100.0
rh_x4_y10	rh	4	10	presubiculum	275	100.0
rh_x4_y11	rh	4	11	presubiculum	275	99.6
rh_x4_y12	rh	4	12	presubiculum	275	100.0
rh_x4_y13	rh	4	13	presubiculum	275	100.0
rh_x4_y14	rh	4	14	presubiculum	275	99.3
rh_x4_y15	rh	4	15	presubiculum	275	100.0
rh_x4_y16	rh	4	16	presubiculum	275	99.6
rh_x4_y17	rh	4	17	presubiculum	275	99.6
rh_x4_y18	rh	4	18	presubiculum	275	100.0
rh_x4_y19	rh	4	19	presubiculum	275	100.0
rh_x4_y20	rh	4	20	presubiculum	275	100.0
rh_x5_y0	rh	5	0	presubiculum	275	82.5
rh_x5_y1	rh	5	1	presubiculum	275	89.1
rh_x5_y2	rh	5	2	presubiculum	275	92.7
rh_x5_y3	rh	5	3	presubiculum	275	94.9
rh_x5_y4	rh	5	4	presubiculum	275	97.5
rh_x5_y5	rh	5	5	presubiculum	275	98.9
rh_x5_y6	rh	5	6	presubiculum	275	100.0
rh_x5_y7	rh	5	7	presubiculum	275	99.6
rh_x5_y8	rh	5	8	presubiculum	275	99.6
rh_x5_y9	rh	5	9	presubiculum	275	99.6
rh_x5_y10	rh	5	10	presubiculum	275	100.0
rh_x5_y11	rh	5	11	presubiculum	275	100.0
rh_x5_y12	rh	5	12	presubiculum	275	100.0
rh_x5_y13	rh	5	13	presubiculum	275	100.0
rh_x5_y14	rh	5	14	presubiculum	275	100.0
rh_x5_y15	rh	5	15	presubiculum	275	99.6
rh_x5_y16	rh	5	16	presubiculum	275	99.6
rh_x5_y17	rh	5	17	presubiculum	275	100.0
rh_x5_y18	rh	5	18	presubiculum	275	100.0
rh_x5_y19	rh	5	19	presubiculum	275	100.0
rh_x5_y20	rh	5	20	presubiculum	275	100.0
rh_x6_y1	rh	6	1	presubiculum	275	71.3
rh_x6_y2	rh	6	2	presubiculum	275	77.1
rh_x6_y3	rh	6	3	presubiculum	275	80.0
rh_x6_y4	rh	6	4	presubiculum	275	87.6
rh_x6_y5	rh	6	5	presubiculum	275	91.6
rh_x6_y6	rh	6	6	presubiculum	275	95.3
rh_x6_y7	rh	6	7	presubiculum	275	97.8
rh_x6_y8	rh	6	8	presubiculum	275	97.1
rh_x6_y9	rh	6	9	presubiculum	275	95.6
rh_x6_y10	rh	6	10	presubiculum	275	97.1
rh_x6_y11	rh	6	11	presubiculum	275	97.5
rh_x6_y12	rh	6	12	presubiculum	275	95.6
rh_x6_y13	rh	6	13	presubiculum	275	98.2
rh_x6_y14	rh	6	14	presubiculum	275	99.3
rh_x6_y15	rh	6	15	presubiculum	275	98.5
rh_x6_y16	rh	6	16	presubiculum	275	98.9
rh_x6_y17	rh	6	17	presubiculum	275	99.6
rh_x6_y18	rh	6	18	presubiculum	275	98.5
rh_x6_y19	rh	6	19	presubiculum	275	99.3
rh_x6_y20	rh	6	20	presubiculum	275	99.3
rh_x7_y0	rh	7	0	subiculum	275	74.2
rh_x7_y1	rh	7	1	subiculum	275	66.2
rh_x7_y4	rh	7	4	presubiculum	275	63.6
rh_x7_y5	rh	7	5	presubiculum	275	75.6
rh_x7_y6	rh	7	6	presubiculum	275	81.8
rh_x7_y7	rh	7	7	presubiculum	275	85.8
rh_x7_y8	rh	7	8	presubiculum	275	85.1
rh_x7_y9	rh	7	9	presubiculum	275	84.0
rh_x7_y10	rh	7	10	presubiculum	275	84.7
rh_x7_y11	rh	7	11	presubiculum	275	86.9
rh_x7_y12	rh	7	12	presubiculum	275	83.6
rh_x7_y13	rh	7	13	presubiculum	275	86.5
rh_x7_y14	rh	7	14	presubiculum	275	89.8
rh_x7_y15	rh	7	15	presubiculum	275	89.5
rh_x7_y16	rh	7	16	presubiculum	275	90.5
rh_x7_y17	rh	7	17	presubiculum	275	90.5
rh_x7_y18	rh	7	18	presubiculum	275	90.2
rh_x7_y19	rh	7	19	presubiculum	275	91.3
rh_x7_y20	rh	7	20	presubiculum	275	93.8
rh_x8_y0	rh	8	0	subiculum	275	93.1
rh_x8_y1	rh	8	1	subiculum	275	86.9
rh_x8_y2	rh	8	2	subiculum	275	80.0
rh_x8_y3	rh	8	3	subiculum	275	78.5
rh_x8_y4	rh	8	4	subiculum	275	72.0
rh_x8_y7	rh	8	7	presubiculum	275	61.1
rh_x8_y10	rh	8	10	presubiculum	275	63.6
rh_x8_y11	rh	8	11	presubiculum	275	64.7
rh_x8_y13	rh	8	13	presubiculum	275	65.5
rh_x8_y14	rh	8	14	presubiculum	275	69.5
rh_x8_y15	rh	8	15	presubiculum	275	71.6
rh_x8_y16	rh	8	16	presubiculum	275	71.6
rh_x8_y17	rh	8	17	presubiculum	275	74.2
rh_x8_y18	rh	8	18	presubiculum	275	76.0
rh_x8_y19	rh	8	19	presubiculum	275	76.4
rh_x8_y20	rh	8	20	presubiculum	275	79.6
rh_x9_y0	rh	9	0	subiculum	275	97.8
rh_x9_y1	rh	9	1	subiculum	275	96.0
rh_x9_y2	rh	9	2	subiculum	275	94.5
rh_x9_y3	rh	9	3	subiculum	275	94.9
rh_x9_y4	rh	9	4	subiculum	275	91.3
rh_x9_y5	rh	9	5	subiculum	275	84.4
rh_x9_y6	rh	9	6	subiculum	275	75.6
rh_x9_y7	rh	9	7	subiculum	275	70.2
rh_x9_y8	rh	9	8	subiculum	275	71.3
rh_x9_y9	rh	9	9	subiculum	275	72.4
rh_x9_y10	rh	9	10	subiculum	275	64.7
rh_x9_y11	rh	9	11	subiculum	275	64.4
rh_x9_y12	rh	9	12	subiculum	275	69.5
rh_x9_y13	rh	9	13	subiculum	275	66.5
rh_x9_y14	rh	9	14	subiculum	275	61.1
rh_x10_y0	rh	10	0	subiculum	275	100.0
rh_x10_y1	rh	10	1	subiculum	275	99.6
rh_x10_y2	rh	10	2	subiculum	275	98.9
rh_x10_y3	rh	10	3	subiculum	275	98.9
rh_x10_y4	rh	10	4	subiculum	275	97.8
rh_x10_y5	rh	10	5	subiculum	275	94.5
rh_x10_y6	rh	10	6	subiculum	275	92.0
rh_x10_y7	rh	10	7	subiculum	275	92.0
rh_x10_y8	rh	10	8	subiculum	275	91.6
rh_x10_y9	rh	10	9	subiculum	275	92.7
rh_x10_y10	rh	10	10	subiculum	275	92.4
rh_x10_y11	rh	10	11	subiculum	275	91.6
rh_x10_y12	rh	10	12	subiculum	275	93.1
rh_x10_y13	rh	10	13	subiculum	275	90.2
rh_x10_y14	rh	10	14	subiculum	275	87.3
rh_x10_y15	rh	10	15	subiculum	275	86.2
rh_x10_y16	rh	10	16	subiculum	275	85.8
rh_x10_y17	rh	10	17	subiculum	275	83.3
rh_x10_y18	rh	10	18	subiculum	275	82.5
rh_x10_y19	rh	10	19	subiculum	275	81.5
rh_x10_y20	rh	10	20	subiculum	275	71.3
rh_x11_y0	rh	11	0	subiculum	275	100.0
rh_x11_y1	rh	11	1	subiculum	275	100.0
rh_x11_y2	rh	11	2	subiculum	275	100.0
rh_x11_y3	rh	11	3	subiculum	275	100.0
rh_x11_y4	rh	11	4	subiculum	275	100.0
rh_x11_y5	rh	11	5	subiculum	275	99.3
rh_x11_y6	rh	11	6	subiculum	275	98.2
rh_x11_y7	rh	11	7	subiculum	275	98.9
rh_x11_y8	rh	11	8	subiculum	275	98.9
rh_x11_y9	rh	11	9	subiculum	275	99.3
rh_x11_y10	rh	11	10	subiculum	275	98.2
rh_x11_y11	rh	11	11	subiculum	275	98.5
rh_x11_y12	rh	11	12	subiculum	275	98.5
rh_x11_y13	rh	11	13	subiculum	275	98.5
rh_x11_y14	rh	11	14	subiculum	275	97.8
rh_x11_y15	rh	11	15	subiculum	275	97.8
rh_x11_y16	rh	11	16	subiculum	275	97.8
rh_x11_y17	rh	11	17	subiculum	275	97.5
rh_x11_y18	rh	11	18	subiculum	275	96.4
rh_x11_y19	rh	11	19	subiculum	275	95.3
rh_x11_y20	rh	11	20	subiculum	275	91.3
rh_x12_y0	rh	12	0	subiculum	275	100.0
rh_x12_y1	rh	12	1	subiculum	275	100.0
rh_x12_y2	rh	12	2	subiculum	275	100.0
rh_x12_y3	rh	12	3	subiculum	275	100.0
rh_x12_y4	rh	12	4	subiculum	275	100.0
rh_x12_y5	rh	12	5	subiculum	275	100.0
rh_x12_y6	rh	12	6	subiculum	275	100.0
rh_x12_y7	rh	12	7	subiculum	275	100.0
rh_x12_y8	rh	12	8	subiculum	275	100.0
rh_x12_y9	rh	12	9	subiculum	275	99.6
rh_x12_y10	rh	12	10	subiculum	275	100.0
rh_x12_y11	rh	12	11	subiculum	275	100.0
rh_x12_y12	rh	12	12	subiculum	275	99.6
rh_x12_y13	rh	12	13	subiculum	275	99.6
rh_x12_y14	rh	12	14	subiculum	275	99.6
rh_x12_y15	rh	12	15	subiculum	275	99.3
rh_x12_y16	rh	12	16	subiculum	275	99.3
rh_x12_y17	rh	12	17	subiculum	275	99.3
rh_x12_y18	rh	12	18	subiculum	275	99.3
rh_x12_y19	rh	12	19	subiculum	275	98.9
rh_x12_y20	rh	12	20	subiculum	275	97.8
rh_x13_y0	rh	13	0	subiculum	275	100.0
rh_x13_y1	rh	13	1	subiculum	275	100.0
rh_x13_y2	rh	13	2	subiculum	275	100.0
rh_x13_y3	rh	13	3	subiculum	275	100.0
rh_x13_y4	rh	13	4	subiculum	275	100.0
rh_x13_y5	rh	13	5	subiculum	275	100.0
rh_x13_y6	rh	13	6	subiculum	275	100.0
rh_x13_y7	rh	13	7	subiculum	275	100.0
rh_x13_y8	rh	13	8	subiculum	275	100.0
rh_x13_y9	rh	13	9	subiculum	275	100.0
rh_x13_y10	rh	13	10	subiculum	275	100.0
rh_x13_y11	rh	13	11	subiculum	275	100.0
rh_x13_y12	rh	13	12	subiculum	275	100.0
rh_x13_y13	rh	13	13	subiculum	275	100.0
rh_x13_y14	rh	13	14	subiculum	275	100.0
rh_x13_y15	rh	13	15	subiculum	275	100.0
rh_x13_y16	rh	13	16	subiculum	275	100.0
rh_x13_y17	rh	13	17	subiculum	275	99.6
rh_x13_y18	rh	13	18	subiculum	275	99.6
rh_x13_y19	rh	13	19	subiculum	275	99.3
rh_x13_y20	rh	13	20	subiculum	275	99.3
rh_x14_y0	rh	14	0	subiculum	275	100.0
rh_x14_y1	rh	14	1	subiculum	275	100.0
rh_x14_y2	rh	14	2	subiculum	275	100.0
rh_x14_y3	rh	14	3	subiculum	275	100.0
rh_x14_y4	rh	14	4	subiculum	275	100.0
rh_x14_y5	rh	14	5	subiculum	275	100.0
rh_x14_y6	rh	14	6	subiculum	275	100.0
rh_x14_y7	rh	14	7	subiculum	275	100.0
rh_x14_y8	rh	14	8	subiculum	275	100.0
rh_x14_y9	rh	14	9	subiculum	275	100.0
rh_x14_y10	rh	14	10	subiculum	275	100.0
rh_x14_y11	rh	14	11	subiculum	275	100.0
rh_x14_y12	rh	14	12	subiculum	275	100.0
rh_x14_y13	rh	14	13	subiculum	275	100.0
rh_x14_y14	rh	14	14	subiculum	275	100.0
rh_x14_y15	rh	14	15	subiculum	275	100.0
rh_x14_y16	rh	14	16	subiculum	275	100.0
rh_x14_y17	rh	14	17	subiculum	275	99.6
rh_x14_y18	rh	14	18	subiculum	275	99.6
rh_x14_y19	rh	14	19	subiculum	275	99.3
rh_x14_y20	rh	14	20	subiculum	275	98.5
rh_x15_y0	rh	15	0	subiculum	275	100.0
rh_x15_y1	rh	15	1	subiculum	275	100.0
rh_x15_y2	rh	15	2	subiculum	275	100.0
rh_x15_y3	rh	15	3	subiculum	275	100.0
rh_x15_y4	rh	15	4	subiculum	275	100.0
rh_x15_y5	rh	15	5	subiculum	275	100.0
rh_x15_y6	rh	15	6	subiculum	275	100.0
rh_x15_y7	rh	15	7	subiculum	275	100.0
rh_x15_y8	rh	15	8	subiculum	275	100.0
rh_x15_y9	rh	15	9	subiculum	275	100.0
rh_x15_y10	rh	15	10	subiculum	275	100.0
rh_x15_y11	rh	15	11	subiculum	275	100.0
rh_x15_y12	rh	15	12	subiculum	275	100.0
rh_x15_y13	rh	15	13	subiculum	275	100.0
rh_x15_y14	rh	15	14	subiculum	275	100.0
rh_x15_y15	rh	15	15	subiculum	275	100.0
rh_x15_y16	rh	15	16	subiculum	275	100.0
rh_x15_y17	rh	15	17	subiculum	275	98.5
rh_x15_y18	rh	15	18	subiculum	275	97.1
rh_x15_y19	rh	15	19	subiculum	275	94.5
rh_x15_y20	rh	15	20	subiculum	275	89.8
rh_x16_y0	rh	16	0	subiculum	275	99.6
rh_x16_y1	rh	16	1	subiculum	275	100.0
rh_x16_y2	rh	16	2	subiculum	275	100.0
rh_x16_y3	rh	16	3	subiculum	275	100.0
rh_x16_y4	rh	16	4	subiculum	275	100.0
rh_x16_y5	rh	16	5	subiculum	275	100.0
rh_x16_y6	rh	16	6	subiculum	275	100.0
rh_x16_y7	rh	16	7	subiculum	275	100.0
rh_x16_y8	rh	16	8	subiculum	275	100.0
rh_x16_y9	rh	16	9	subiculum	275	100.0
rh_x16_y10	rh	16	10	subiculum	275	100.0
rh_x16_y11	rh	16	11	subiculum	275	100.0
rh_x16_y12	rh	16	12	subiculum	275	100.0
rh_x16_y13	rh	16	13	subiculum	275	99.6
rh_x16_y14	rh	16	14	subiculum	275	99.3
rh_x16_y15	rh	16	15	subiculum	275	99.3
rh_x16_y16	rh	16	16	subiculum	275	96.4
rh_x16_y17	rh	16	17	subiculum	275	91.6
rh_x16_y18	rh	16	18	subiculum	275	87.6
rh_x16_y19	rh	16	19	subiculum	275	84.7
rh_x16_y20	rh	16	20	subiculum	275	76.7
rh_x17_y0	rh	17	0	subiculum	275	96.4
rh_x17_y1	rh	17	1	subiculum	275	97.5
rh_x17_y2	rh	17	2	subiculum	275	97.5
rh_x17_y3	rh	17	3	subiculum	275	98.9
rh_x17_y4	rh	17	4	subiculum	275	100.0
rh_x17_y5	rh	17	5	subiculum	275	98.2
rh_x17_y6	rh	17	6	subiculum	275	98.9
rh_x17_y7	rh	17	7	subiculum	275	98.5
rh_x17_y8	rh	17	8	subiculum	275	99.6
rh_x17_y9	rh	17	9	subiculum	275	98.2
rh_x17_y10	rh	17	10	subiculum	275	98.2
rh_x17_y11	rh	17	11	subiculum	275	97.1
rh_x17_y12	rh	17	12	subiculum	275	96.7
rh_x17_y13	rh	17	13	subiculum	275	97.1
rh_x17_y14	rh	17	14	subiculum	275	95.6
rh_x17_y15	rh	17	15	subiculum	275	92.4
rh_x17_y16	rh	17	16	subiculum	275	88.0
rh_x17_y17	rh	17	17	subiculum	275	80.4
rh_x17_y18	rh	17	18	subiculum	275	71.3
rh_x17_y19	rh	17	19	subiculum	275	65.1
rh_x18_y0	rh	18	0	subiculum	275	91.3
rh_x18_y1	rh	18	1	subiculum	275	92.4
rh_x18_y2	rh	18	2	subiculum	275	93.1
rh_x18_y3	rh	18	3	subiculum	275	94.9
rh_x18_y4	rh	18	4	subiculum	275	94.5
rh_x18_y5	rh	18	5	subiculum	275	94.5
rh_x18_y6	rh	18	6	subiculum	275	93.8
rh_x18_y7	rh	18	7	subiculum	275	93.5
rh_x18_y8	rh	18	8	subiculum	275	93.1
rh_x18_y9	rh	18	9	subiculum	275	92.7
rh_x18_y10	rh	18	10	subiculum	275	92.4
rh_x18_y11	rh	18	11	subiculum	275	91.6
rh_x18_y12	rh	18	12	subiculum	275	91.6
rh_x18_y13	rh	18	13	subiculum	275	90.5
rh_x18_y14	rh	18	14	subiculum	275	87.3
rh_x18_y15	rh	18	15	subiculum	275	84.0
rh_x18_y16	rh	18	16	subiculum	275	74.5
rh_x18_y17	rh	18	17	subiculum	275	61.1
rh_x18_y20	rh	18	20	CA1	275	63.6
rh_x19_y0	rh	19	0	subiculum	275	80.7
rh_x19_y1	rh	19	1	subiculum	275	84.0
rh_x19_y2	rh	19	2	subiculum	275	88.0
rh_x19_y3	rh	19	3	subiculum	275	87.6
rh_x19_y4	rh	19	4	subiculum	275	86.5
rh_x19_y5	rh	19	5	subiculum	275	86.9
rh_x19_y6	rh	19	6	subiculum	275	84.7
rh_x19_y7	rh	19	7	subiculum	275	84.7
rh_x19_y8	rh	19	8	subiculum	275	85.8
rh_x19_y9	rh	19	9	subiculum	275	84.4
rh_x19_y10	rh	19	10	subiculum	275	81.5
rh_x19_y11	rh	19	11	subiculum	275	81.1
rh_x19_y12	rh	19	12	subiculum	275	80.7
rh_x19_y13	rh	19	13	subiculum	275	79.6
rh_x19_y14	rh	19	14	subiculum	275	75.6
rh_x19_y15	rh	19	15	subiculum	275	68.0
rh_x19_y17	rh	19	17	CA1	275	61.1
rh_x19_y18	rh	19	18	CA1	275	69.1
rh_x19_y19	rh	19	19	CA1	275	73.8
rh_x19_y20	rh	19	20	CA1	275	80.7
rh_x20_y0	rh	20	0	subiculum	275	69.1
rh_x20_y1	rh	20	1	subiculum	275	72.0
rh_x20_y2	rh	20	2	subiculum	275	73.5
rh_x20_y3	rh	20	3	subiculum	275	76.4
rh_x20_y4	rh	20	4	subiculum	275	76.7
rh_x20_y5	rh	20	5	subiculum	275	73.1
rh_x20_y6	rh	20	6	subiculum	275	74.9
rh_x20_y7	rh	20	7	subiculum	275	72.7
rh_x20_y8	rh	20	8	subiculum	275	74.5
rh_x20_y9	rh	20	9	subiculum	275	70.9
rh_x20_y10	rh	20	10	subiculum	275	66.9
rh_x20_y11	rh	20	11	subiculum	275	65.8
rh_x20_y12	rh	20	12	subiculum	275	62.9
rh_x20_y13	rh	20	13	subiculum	275	61.5
rh_x20_y16	rh	20	16	CA1	275	64.7
rh_x20_y17	rh	20	17	CA1	275	83.6
rh_x20_y18	rh	20	18	CA1	275	89.1
rh_x20_y19	rh	20	19	CA1	275	89.1
rh_x20_y20	rh	20	20	CA1	275	90.5
rh_x21_y4	rh	21	4	subiculum	275	60.4
rh_x21_y13	rh	21	13	CA1	275	60.4
rh_x21_y14	rh	21	14	CA1	275	62.9
rh_x21_y15	rh	21	15	CA1	275	74.9
rh_x21_y16	rh	21	16	CA1	275	84.4
rh_x21_y17	rh	21	17	CA1	275	93.1
rh_x21_y18	rh	21	18	CA1	275	94.9
rh_x21_y19	rh	21	19	CA1	275	94.9
rh_x21_y20	rh	21	20	CA1	275	94.9
rh_x22_y0	rh	22	0	CA1	275	60.0
rh_x22_y1	rh	22	1	CA1	275	61.8
rh_x22_y5	rh	22	5	CA1	275	62.2
rh_x22_y6	rh	22	6	CA1	275	63.6
rh_x22_y7	rh	22	7	CA1	275	65.5
rh_x22_y8	rh	22	8	CA1	275	64.7
rh_x22_y9	rh	22	9	CA1	275	67.6
rh_x22_y10	rh	22	10	CA1	275	74.9
rh_x22_y11	rh	22	11	CA1	275	77.1
rh_x22_y12	rh	22	12	CA1	275	78.9
rh_x22_y13	rh	22	13	CA1	275	81.1
rh_x22_y14	rh	22	14	CA1	275	83.6
rh_x22_y15	rh	22	15	CA1	275	90.5
rh_x22_y16	rh	22	16	CA1	275	93.5
rh_x22_y17	rh	22	17	CA1	275	97.5
rh_x22_y18	rh	22	18	CA1	275	99.3
rh_x22_y19	rh	22	19	CA1	275	99.3
rh_x22_y20	rh	22	20	CA1	275	98.5
rh_x23_y0	rh	23	0	CA1	275	73.5
rh_x23_y1	rh	23	1	CA1	275	73.5
rh_x23_y2	rh	23	2	CA1	275	74.5
rh_x23_y3	rh	23	3	CA1	275	72.4
rh_x23_y4	rh	23	4	CA1	275	74.9
rh_x23_y5	rh	23	5	CA1	275	77.5
rh_x23_y6	rh	23	6	CA1	275	79.3
rh_x23_y7	rh	23	7	CA1	275	76.0
rh_x23_y8	rh	23	8	CA1	275	78.9
rh_x23_y9	rh	23	9	CA1	275	82.9
rh_x23_y10	rh	23	10	CA1	275	87.6
rh_x23_y11	rh	23	11	CA1	275	89.5
rh_x23_y12	rh	23	12	CA1	275	88.0
rh_x23_y13	rh	23	13	CA1	275	91.6
rh_x23_y14	rh	23	14	CA1	275	92.7
rh_x23_y15	rh	23	15	CA1	275	95.6
rh_x23_y16	rh	23	16	CA1	275	98.2
rh_x23_y17	rh	23	17	CA1	275	98.9
rh_x23_y18	rh	23	18	CA1	275	98.9
rh_x23_y19	rh	23	19	CA1	275	99.3
rh_x23_y20	rh	23	20	CA1	275	98.9
rh_x24_y0	rh	24	0	CA1	275	84.0
rh_x24_y1	rh	24	1	CA1	275	83.3
rh_x24_y2	rh	24	2	CA1	275	85.1
rh_x24_y3	rh	24	3	CA1	275	85.8
rh_x24_y4	rh	24	4	CA1	275	84.7
rh_x24_y5	rh	24	5	CA1	275	84.7
rh_x24_y6	rh	24	6	CA1	275	84.4
rh_x24_y7	rh	24	7	CA1	275	82.9
rh_x24_y8	rh	24	8	CA1	275	81.8
rh_x24_y9	rh	24	9	CA1	275	85.8
rh_x24_y10	rh	24	10	CA1	275	88.7
rh_x24_y11	rh	24	11	CA1	275	86.5
rh_x24_y12	rh	24	12	CA1	275	89.1
rh_x24_y13	rh	24	13	CA1	275	89.1
rh_x24_y14	rh	24	14	CA1	275	90.9
rh_x24_y15	rh	24	15	CA1	275	95.3
rh_x24_y16	rh	24	16	CA1	275	94.5
rh_x24_y17	rh	24	17	CA1	275	94.9
rh_x24_y18	rh	24	18	CA1	275	96.7
rh_x24_y19	rh	24	19	CA1	275	96.4
rh_x24_y20	rh	24	20	CA1	275	97.8
rh_x25_y0	rh	25	0	CA1	275	89.8
rh_x25_y1	rh	25	1	CA1	275	89.8
rh_x25_y2	rh	25	2	CA1	275	88.0
rh_x25_y3	rh	25	3	CA1	275	89.5
rh_x25_y4	rh	25	4	CA1	275	86.9
rh_x25_y5	rh	25	5	CA1	275	86.5
rh_x25_y6	rh	25	6	CA1	275	83.3
rh_x25_y7	rh	25	7	CA1	275	79.6
rh_x25_y8	rh	25	8	CA1	275	80.0
rh_x25_y9	rh	25	9	CA1	275	82.5
rh_x25_y10	rh	25	10	CA1	275	82.2
rh_x25_y11	rh	25	11	CA1	275	79.3
rh_x25_y12	rh	25	12	CA1	275	78.2
rh_x25_y13	rh	25	13	CA1	275	79.6
rh_x25_y14	rh	25	14	CA1	275	83.3
rh_x25_y15	rh	25	15	CA1	275	83.6
rh_x25_y16	rh	25	16	CA1	275	82.2
rh_x25_y17	rh	25	17	CA1	275	83.6
rh_x25_y18	rh	25	18	CA1	275	81.8
rh_x25_y19	rh	25	19	CA1	275	89.1
rh_x25_y20	rh	25	20	CA1	275	94.2
rh_x26_y0	rh	26	0	CA1	275	87.6
rh_x26_y1	rh	26	1	CA1	275	86.9
rh_x26_y2	rh	26	2	CA1	275	85.8
rh_x26_y3	rh	26	3	CA1	275	87.3
rh_x26_y4	rh	26	4	CA1	275	83.6
rh_x26_y5	rh	26	5	CA1	275	80.7
rh_x26_y6	rh	26	6	CA1	275	74.5
rh_x26_y7	rh	26	7	CA1	275	70.2
rh_x26_y8	rh	26	8	CA1	275	68.7
rh_x26_y9	rh	26	9	CA1	275	70.5
rh_x26_y10	rh	26	10	CA1	275	68.4
rh_x26_y11	rh	26	11	CA1	275	66.9
rh_x26_y12	rh	26	12	CA1	275	62.5
rh_x26_y13	rh	26	13	CA1	275	67.3
rh_x26_y14	rh	26	14	CA1	275	69.8
rh_x26_y15	rh	26	15	CA1	275	70.2
rh_x26_y16	rh	26	16	CA1	275	69.1
rh_x26_y17	rh	26	17	CA1	275	70.9
rh_x26_y18	rh	26	18	CA1	275	69.1
rh_x26_y19	rh	26	19	CA1	275	75.3
rh_x26_y20	rh	26	20	CA1	275	81.1
rh_x27_y0	rh	27	0	CA1	275	79.6
rh_x27_y1	rh	27	1	CA1	275	77.5
rh_x27_y2	rh	27	2	CA1	275	76.4
rh_x27_y3	rh	27	3	CA1	275	76.7
rh_x27_y4	rh	27	4	CA1	275	76.0
rh_x27_y5	rh	27	5	CA1	275	72.7
rh_x27_y6	rh	27	6	CA1	275	61.8
rh_x27_y19	rh	27	19	CA1	275	60.0
rh_x27_y20	rh	27	20	CA1	275	68.4
rh_x28_y0	rh	28	0	CA1	275	71.6
rh_x28_y1	rh	28	1	CA1	275	64.0
rh_x28_y2	rh	28	2	CA1	275	62.9
rh_x28_y3	rh	28	3	CA1	275	63.6
rh_x28_y7	rh	28	7	CA2_CA3	275	62.2
rh_x28_y8	rh	28	8	CA2_CA3	275	63.6
rh_x28_y9	rh	28	9	CA2_CA3	275	64.0
rh_x28_y10	rh	28	10	CA2_CA3	275	65.1
rh_x28_y11	rh	28	11	CA2_CA3	275	69.1
rh_x28_y12	rh	28	12	CA2_CA3	275	72.0
rh_x28_y13	rh	28	13	CA2_CA3	275	70.2
rh_x28_y14	rh	28	14	CA2_CA3	275	68.0
rh_x28_y15	rh	28	15	CA2_CA3	275	69.1
rh_x28_y16	rh	28	16	CA2_CA3	275	68.0
rh_x28_y17	rh	28	17	CA2_CA3	275	69.5
rh_x28_y18	rh	28	18	CA2_CA3	275	70.9
rh_x28_y19	rh	28	19	CA2_CA3	275	61.5
rh_x29_y6	rh	29	6	CA2_CA3	275	67.3
rh_x29_y7	rh	29	7	CA2_CA3	275	79.3
rh_x29_y8	rh	29	8	CA2_CA3	275	80.7
rh_x29_y9	rh	29	9	CA2_CA3	275	81.8
rh_x29_y10	rh	29	10	CA2_CA3	275	81.5
rh_x29_y11	rh	29	11	CA2_CA3	275	85.5
rh_x29_y12	rh	29	12	CA2_CA3	275	87.3
rh_x29_y13	rh	29	13	CA2_CA3	275	82.2
rh_x29_y14	rh	29	14	CA2_CA3	275	83.6
rh_x29_y15	rh	29	15	CA2_CA3	275	82.2
rh_x29_y16	rh	29	16	CA2_CA3	275	83.3
rh_x29_y17	rh	29	17	CA2_CA3	275	85.8
rh_x29_y18	rh	29	18	CA2_CA3	275	85.8
rh_x29_y19	rh	29	19	CA2_CA3	275	79.3
rh_x29_y20	rh	29	20	CA2_CA3	275	72.7
rh_x30_y1	rh	30	1	CA2_CA3	275	65.1
rh_x30_y2	rh	30	2	CA2_CA3	275	68.4
rh_x30_y3	rh	30	3	CA2_CA3	275	69.1
rh_x30_y4	rh	30	4	CA2_CA3	275	67.6
rh_x30_y5	rh	30	5	CA2_CA3	275	74.5
rh_x30_y6	rh	30	6	CA2_CA3	275	81.5
rh_x30_y7	rh	30	7	CA2_CA3	275	90.5
rh_x30_y8	rh	30	8	CA2_CA3	275	92.4
rh_x30_y9	rh	30	9	CA2_CA3	275	93.1
rh_x30_y10	rh	30	10	CA2_CA3	275	92.7
rh_x30_y11	rh	30	11	CA2_CA3	275	94.5
rh_x30_y12	rh	30	12	CA2_CA3	275	94.9
rh_x30_y13	rh	30	13	CA2_CA3	275	93.8
rh_x30_y14	rh	30	14	CA2_CA3	275	93.1
rh_x30_y15	rh	30	15	CA2_CA3	275	93.5
rh_x30_y16	rh	30	16	CA2_CA3	275	93.8
rh_x30_y17	rh	30	17	CA2_CA3	275	94.2
rh_x30_y18	rh	30	18	CA2_CA3	275	94.5
rh_x30_y19	rh	30	19	CA2_CA3	275	90.2
rh_x30_y20	rh	30	20	CA2_CA3	275	87.6
rh_x31_y0	rh	31	0	CA2_CA3	275	69.1
rh_x31_y1	rh	31	1	CA2_CA3	275	82.2
rh_x31_y2	rh	31	2	CA2_CA3	275	84.4
rh_x31_y3	rh	31	3	CA2_CA3	275	85.8
rh_x31_y4	rh	31	4	CA2_CA3	275	86.5
rh_x31_y5	rh	31	5	CA2_CA3	275	88.7
rh_x31_y6	rh	31	6	CA2_CA3	275	91.6
rh_x31_y7	rh	31	7	CA2_CA3	275	96.4
rh_x31_y8	rh	31	8	CA2_CA3	275	96.4
rh_x31_y9	rh	31	9	CA2_CA3	275	96.7
rh_x31_y10	rh	31	10	CA2_CA3	275	97.1
rh_x31_y11	rh	31	11	CA2_CA3	275	97.5
rh_x31_y12	rh	31	12	CA2_CA3	275	98.2
rh_x31_y13	rh	31	13	CA2_CA3	275	97.8
rh_x31_y14	rh	31	14	CA2_CA3	275	98.5
rh_x31_y15	rh	31	15	CA2_CA3	275	98.5
rh_x31_y16	rh	31	16	CA2_CA3	275	98.5
rh_x31_y17	rh	31	17	CA2_CA3	275	98.5
rh_x31_y18	rh	31	18	CA2_CA3	275	99.3
rh_x31_y19	rh	31	19	CA2_CA3	275	98.2
rh_x31_y20	rh	31	20	CA2_CA3	275	96.4
rh_x32_y0	rh	32	0	CA2_CA3	275	81.1
rh_x32_y1	rh	32	1	CA2_CA3	275	91.3
rh_x32_y2	rh	32	2	CA2_CA3	275	93.1
rh_x32_y3	rh	32	3	CA2_CA3	275	93.5
rh_x32_y4	rh	32	4	CA2_CA3	275	93.8
rh_x32_y5	rh	32	5	CA2_CA3	275	96.4
rh_x32_y6	rh	32	6	CA2_CA3	275	96.4
rh_x32_y7	rh	32	7	CA2_CA3	275	98.2
rh_x32_y8	rh	32	8	CA2_CA3	275	97.8
rh_x32_y9	rh	32	9	CA2_CA3	275	98.5
rh_x32_y10	rh	32	10	CA2_CA3	275	98.5
rh_x32_y11	rh	32	11	CA2_CA3	275	98.9
rh_x32_y12	rh	32	12	CA2_CA3	275	99.6
rh_x32_y13	rh	32	13	CA2_CA3	275	99.3
rh_x32_y14	rh	32	14	CA2_CA3	275	99.3
rh_x32_y15	rh	32	15	CA2_CA3	275	99.3
rh_x32_y16	rh	32	16	CA2_CA3	275	99.3
rh_x32_y17	rh	32	17	CA2_CA3	275	99.6
rh_x32_y18	rh	32	18	CA2_CA3	275	99.3
rh_x32_y19	rh	32	19	CA2_CA3	275	99.3
rh_x32_y20	rh	32	20	CA2_CA3	275	99.3
rh_x33_y0	rh	33	0	CA2_CA3	275	90.2
rh_x33_y1	rh	33	1	CA2_CA3	275	95.3
rh_x33_y2	rh	33	2	CA2_CA3	275	96.4
rh_x33_y3	rh	33	3	CA2_CA3	275	96.7
rh_x33_y4	rh	33	4	CA2_CA3	275	97.8
rh_x33_y5	rh	33	5	CA2_CA3	275	97.8
rh_x33_y6	rh	33	6	CA2_CA3	275	98.5
rh_x33_y7	rh	33	7	CA2_CA3	275	98.5
rh_x33_y8	rh	33	8	CA2_CA3	275	98.9
rh_x33_y9	rh	33	9	CA2_CA3	275	99.3
rh_x33_y10	rh	33	10	CA2_CA3	275	99.3
rh_x33_y11	rh	33	11	CA2_CA3	275	99.6
rh_x33_y12	rh	33	12	CA2_CA3	275	99.6
rh_x33_y13	rh	33	13	CA2_CA3	275	99.6
rh_x33_y14	rh	33	14	CA2_CA3	275	99.6
rh_x33_y15	rh	33	15	CA2_CA3	275	99.6
rh_x33_y16	rh	33	16	CA2_CA3	275	99.6
rh_x33_y17	rh	33	17	CA2_CA3	275	99.6
rh_x33_y18	rh	33	18	CA2_CA3	275	99.6
rh_x33_y19	rh	33	19	CA2_CA3	275	99.6
rh_x33_y20	rh	33	20	CA2_CA3	275	99.6
rh_x34_y0	rh	34	0	CA2_CA3	275	93.1
rh_x34_y1	rh	34	1	CA2_CA3	275	97.5
rh_x34_y2	rh	34	2	CA2_CA3	275	97.8
rh_x34_y3	rh	34	3	CA2_CA3	275	98.2
rh_x34_y4	rh	34	4	CA2_CA3	275	98.2
rh_x34_y5	rh	34	5	CA2_CA3	275	98.2
rh_x34_y6	rh	34	6	CA2_CA3	275	98.5
rh_x34_y7	rh	34	7	CA2_CA3	275	98.9
rh_x34_y8	rh	34	8	CA2_CA3	275	99.6
rh_x34_y9	rh	34	9	CA2_CA3	275	99.6
rh_x34_y10	rh	34	10	CA2_CA3	275	99.6
rh_x34_y11	rh	34	11	CA2_CA3	275	99.6
rh_x34_y12	rh	34	12	CA2_CA3	275	99.6
rh_x34_y13	rh	34	13	CA2_CA3	275	99.6
rh_x34_y14	rh	34	14	CA2_CA3	275	99.6
rh_x34_y15	rh	34	15	CA2_CA3	275	99.6
rh_x34_y16	rh	34	16	CA2_CA3	275	99.6
rh_x34_y17	rh	34	17	CA2_CA3	275	99.6
rh_x34_y18	rh	34	18	CA2_CA3	275	99.6
rh_x34_y19	rh	34	19	CA2_CA3	275	99.6
rh_x34_y20	rh	34	20	CA2_CA3	275	99.6
rh_x35_y0	rh	35	0	CA2_CA3	275	94.2
rh_x35_y1	rh	35	1	CA2_CA3	275	98.2
rh_x35_y2	rh	35	2	CA2_CA3	275	98.5
rh_x35_y3	rh	35	3	CA2_CA3	275	98.2
rh_x35_y4	rh	35	4	CA2_CA3	275	98.9
rh_x35_y5	rh	35	5	CA2_CA3	275	99.3
rh_x35_y6	rh	35	6	CA2_CA3	275	99.6
rh_x35_y7	rh	35	7	CA2_CA3	275	99.6
rh_x35_y8	rh	35	8	CA2_CA3	275	99.6
rh_x35_y9	rh	35	9	CA2_CA3	275	100.0
rh_x35_y10	rh	35	10	CA2_CA3	275	99.6
rh_x35_y11	rh	35	11	CA2_CA3	275	99.6
rh_x35_y12	rh	35	12	CA2_CA3	275	100.0
rh_x35_y13	rh	35	13	CA2_CA3	275	99.6
rh_x35_y14	rh	35	14	CA2_CA3	275	100.0
rh_x35_y15	rh	35	15	CA2_CA3	275	100.0
rh_x35_y16	rh	35	16	CA2_CA3	275	100.0
rh_x35_y17	rh	35	17	CA2_CA3	275	100.0
rh_x35_y18	rh	35	18	CA2_CA3	275	100.0
rh_x35_y19	rh	35	19	CA2_CA3	275	100.0
rh_x35_y20	rh	35	20	CA2_CA3	275	99.6
rh_x36_y0	rh	36	0	CA2_CA3	275	97.1
rh_x36_y1	rh	36	1	CA2_CA3	275	98.9
rh_x36_y2	rh	36	2	CA2_CA3	275	98.2
rh_x36_y3	rh	36	3	CA2_CA3	275	98.9
rh_x36_y4	rh	36	4	CA2_CA3	275	98.9
rh_x36_y5	rh	36	5	CA2_CA3	275	98.5
rh_x36_y6	rh	36	6	CA2_CA3	275	99.6
rh_x36_y7	rh	36	7	CA2_CA3	275	99.6
rh_x36_y8	rh	36	8	CA2_CA3	275	99.6
rh_x36_y9	rh	36	9	CA2_CA3	275	99.3
rh_x36_y10	rh	36	10	CA2_CA3	275	100.0
rh_x36_y11	rh	36	11	CA2_CA3	275	100.0
rh_x36_y12	rh	36	12	CA2_CA3	275	99.6
rh_x36_y13	rh	36	13	CA2_CA3	275	100.0
rh_x36_y14	rh	36	14	CA2_CA3	275	100.0
rh_x36_y15	rh	36	15	CA2_CA3	275	100.0
rh_x36_y16	rh	36	16	CA2_CA3	275	100.0
rh_x36_y17	rh	36	17	CA2_CA3	275	100.0
rh_x36_y18	rh	36	18	CA2_CA3	275	100.0
rh_x36_y19	rh	36	19	CA2_CA3	275	100.0
rh_x36_y20	rh	36	20	CA2_CA3	275	100.0
rh_x37_y0	rh	37	0	CA2_CA3	275	97.1
rh_x37_y1	rh	37	1	CA2_CA3	275	98.5
rh_x37_y2	rh	37	2	CA2_CA3	275	98.2
rh_x37_y3	rh	37	3	CA2_CA3	275	99.3
rh_x37_y4	rh	37	4	CA2_CA3	275	98.9
rh_x37_y5	rh	37	5	CA2_CA3	275	98.5
rh_x37_y6	rh	37	6	CA2_CA3	275	99.3
rh_x37_y7	rh	37	7	CA2_CA3	275	99.3
rh_x37_y8	rh	37	8	CA2_CA3	275	98.9
rh_x37_y9	rh	37	9	CA2_CA3	275	99.6
rh_x37_y10	rh	37	10	CA2_CA3	275	100.0
rh_x37_y11	rh	37	11	CA2_CA3	275	100.0
rh_x37_y12	rh	37	12	CA2_CA3	275	99.6
rh_x37_y13	rh	37	13	CA2_CA3	275	100.0
rh_x37_y14	rh	37	14	CA2_CA3	275	100.0
rh_x37_y15	rh	37	15	CA2_CA3	275	100.0
rh_x37_y16	rh	37	16	CA2_CA3	275	100.0
rh_x37_y17	rh	37	17	CA2_CA3	275	100.0
rh_x37_y18	rh	37	18	CA2_CA3	275	100.0
rh_x37_y19	rh	37	19	CA2_CA3	275	100.0
rh_x37_y20	rh	37	20	CA2_CA3	275	100.0
rh_x38_y0	rh	38	0	CA2_CA3	275	96.0
rh_x38_y1	rh	38	1	CA2_CA3	275	98.9
rh_x38_y2	rh	38	2	CA2_CA3	275	97.8
rh_x38_y3	rh	38	3	CA2_CA3	275	98.5
rh_x38_y4	rh	38	4	CA2_CA3	275	97.8
rh_x38_y5	rh	38	5	CA2_CA3	275	98.9
rh_x38_y6	rh	38	6	CA2_CA3	275	98.5
rh_x38_y7	rh	38	7	CA2_CA3	275	98.2
rh_x38_y8	rh	38	8	CA2_CA3	275	98.9
rh_x38_y9	rh	38	9	CA2_CA3	275	99.3
rh_x38_y10	rh	38	10	CA2_CA3	275	100.0
rh_x38_y11	rh	38	11	CA2_CA3	275	99.6
rh_x38_y12	rh	38	12	CA2_CA3	275	100.0
rh_x38_y13	rh	38	13	CA2_CA3	275	99.3
rh_x38_y14	rh	38	14	CA2_CA3	275	99.3
rh_x38_y15	rh	38	15	CA2_CA3	275	99.3
rh_x38_y16	rh	38	16	CA2_CA3	275	100.0
rh_x38_y17	rh	38	17	CA2_CA3	275	100.0
rh_x38_y18	rh	38	18	CA2_CA3	275	99.3
rh_x38_y19	rh	38	19	CA2_CA3	275	100.0
rh_x38_y20	rh	38	20	CA2_CA3	275	99.6
rh_x39_y0	rh	39	0	CA2_CA3	275	94.5
rh_x39_y1	rh	39	1	CA2_CA3	275	97.8
rh_x39_y2	rh	39	2	CA2_CA3	275	97.8
rh_x39_y3	rh	39	3	CA2_CA3	275	98.2
rh_x39_y4	rh	39	4	CA2_CA3	275	97.5
rh_x39_y5	rh	39	5	CA2_CA3	275	96.7
rh_x39_y6	rh	39	6	CA2_CA3	275	96.7
rh_x39_y7	rh	39	7	CA2_CA3	275	97.5
rh_x39_y8	rh	39	8	CA2_CA3	275	99.3
rh_x39_y9	rh	39	9	CA2_CA3	275	97.8
rh_x39_y10	rh	39	10	CA2_CA3	275	98.2
rh_x39_y11	rh	39	11	CA2_CA3	275	99.6
rh_x39_y12	rh	39	12	CA2_CA3	275	98.5
rh_x39_y13	rh	39	13	CA2_CA3	275	98.5
rh_x39_y14	rh	39	14	CA2_CA3	275	99.6
rh_x39_y15	rh	39	15	CA2_CA3	275	100.0
rh_x39_y16	rh	39	16	CA2_CA3	275	99.3
rh_x39_y17	rh	39	17	CA2_CA3	275	98.2
rh_x39_y18	rh	39	18	CA2_CA3	275	98.9
rh_x39_y19	rh	39	19	CA2_CA3	275	99.3
rh_x39_y20	rh	39	20	CA2_CA3	275	98.9
rh_x40_y0	rh	40	0	CA2_CA3	271	91.1
rh_x40_y1	rh	40	1	CA2_CA3	271	96.3
rh_x40_y2	rh	40	2	CA2_CA3	271	96.7
rh_x40_y3	rh	40	3	CA2_CA3	271	96.3
rh_x40_y4	rh	40	4	CA2_CA3	271	96.3
rh_x40_y5	rh	40	5	CA2_CA3	271	95.2
rh_x40_y6	rh	40	6	CA2_CA3	271	93.4
rh_x40_y7	rh	40	7	CA2_CA3	271	95.9
rh_x40_y8	rh	40	8	CA2_CA3	271	96.7
rh_x40_y9	rh	40	9	CA2_CA3	271	94.5
rh_x40_y10	rh	40	10	CA2_CA3	271	95.2
rh_x40_y11	rh	40	11	CA2_CA3	271	98.5
rh_x40_y12	rh	40	12	CA2_CA3	271	96.3
rh_x40_y13	rh	40	13	CA2_CA3	271	95.9
rh_x40_y14	rh	40	14	CA2_CA3	271	96.7
rh_x40_y15	rh	40	15	CA2_CA3	271	97.0
rh_x40_y16	rh	40	16	CA2_CA3	271	95.2
rh_x40_y17	rh	40	17	CA2_CA3	271	94.8
rh_x40_y18	rh	40	18	CA2_CA3	271	97.0
rh_x40_y19	rh	40	19	CA2_CA3	271	97.4
rh_x40_y20	rh	40	20	CA2_CA3	271	96.7
